/*******************************************************************************
 * Size: 28 px
 * Bpp: 4
 * Opts: --bpp 4 --size 28 --no-compress --stride 1 --align 1 --font Bangers-Regular.ttf --range 32-127 --format lvgl -o bangers_28.c
 ******************************************************************************/

#ifdef __has_include
    #if __has_include("lvgl.h")
        #ifndef LV_LVGL_H_INCLUDE_SIMPLE
            #define LV_LVGL_H_INCLUDE_SIMPLE
        #endif
    #endif
#endif

#ifdef LV_LVGL_H_INCLUDE_SIMPLE
    #include "lvgl.h"
#else
    #include "lvgl/lvgl.h"
#endif



#ifndef BANGERS_28
#define BANGERS_28 1
#endif

#if BANGERS_28

/*-----------------
 *    BITMAPS
 *----------------*/

/*Store the image of the glyphs*/
static LV_ATTRIBUTE_LARGE_CONST const uint8_t glyph_bitmap[] = {
    /* U+0020 " " */

    /* U+0021 "!" */
    0x0, 0x0, 0x0, 0x0, 0x0, 0x1, 0x0, 0x0,
    0x0, 0x18, 0xad, 0xf9, 0x0, 0x0, 0x0, 0x6f,
    0xff, 0xf3, 0x0, 0x0, 0x0, 0xaf, 0xff, 0xd0,
    0x0, 0x0, 0x0, 0xef, 0xff, 0x60, 0x0, 0x0,
    0x2, 0xff, 0xff, 0x10, 0x0, 0x0, 0x6, 0xff,
    0xfb, 0x0, 0x0, 0x0, 0xa, 0xff, 0xf5, 0x0,
    0x0, 0x0, 0xe, 0xff, 0xf0, 0x0, 0x0, 0x0,
    0x1f, 0xff, 0xa0, 0x0, 0x0, 0x0, 0x5f, 0xff,
    0x50, 0x0, 0x0, 0x0, 0x9f, 0xff, 0x0, 0x0,
    0x0, 0x0, 0xdf, 0xfa, 0x0, 0x0, 0x0, 0x1,
    0xff, 0xf5, 0x0, 0x0, 0x0, 0x5, 0xff, 0xf0,
    0x0, 0x0, 0x0, 0x4, 0x88, 0x50, 0x0, 0x0,
    0x0, 0x0, 0x0, 0x0, 0x0, 0x0, 0x0, 0x37,
    0x61, 0x0, 0x0, 0x0, 0x7, 0xff, 0xff, 0x40,
    0x0, 0x0, 0xf, 0xff, 0xff, 0xd0, 0x0, 0x0,
    0x1f, 0xff, 0xff, 0xd0, 0x0, 0x0, 0xd, 0xff,
    0xff, 0x70, 0x0, 0x0, 0x3, 0xdf, 0xd6, 0x0,
    0x0, 0x0,

    /* U+0022 "\"" */
    0x0, 0x1, 0x11, 0x10, 0x1, 0x23, 0x56, 0x0,
    0x9f, 0xff, 0xf2, 0xf, 0xff, 0xf9, 0x0, 0xdf,
    0xff, 0xb0, 0x4f, 0xff, 0xf3, 0x1, 0xff, 0xff,
    0x50, 0xaf, 0xff, 0xd0, 0x5, 0xff, 0xfe, 0x0,
    0xff, 0xff, 0x70, 0xa, 0xff, 0xf9, 0x5, 0xff,
    0xff, 0x10, 0xe, 0xff, 0xf3, 0xb, 0xff, 0xfa,
    0x0, 0x2f, 0xff, 0xd0, 0x1f, 0xff, 0xf4, 0x0,
    0x6f, 0xff, 0x80, 0x7f, 0xff, 0xd0, 0x0, 0xbf,
    0xff, 0x20, 0xdf, 0xff, 0x70, 0x0, 0x76, 0x41,
    0x0, 0x0, 0x0, 0x0, 0x0,

    /* U+0023 "#" */
    0x0, 0x0, 0x0, 0x0, 0x0, 0x0, 0x1, 0x25,
    0x50, 0x0, 0x0, 0x3, 0xff, 0xff, 0x30, 0x9,
    0xff, 0xf8, 0x0, 0x0, 0x0, 0x6f, 0xff, 0xf0,
    0x0, 0xdf, 0xff, 0x40, 0x0, 0x0, 0x8, 0xff,
    0xfd, 0x0, 0xf, 0xff, 0xf0, 0x0, 0x0, 0x0,
    0xaf, 0xff, 0xa0, 0x4, 0xff, 0xfc, 0x0, 0x0,
    0x0, 0xd, 0xff, 0xf7, 0x0, 0x7f, 0xff, 0x90,
    0x0, 0x0, 0x11, 0xff, 0xff, 0x85, 0x5c, 0xff,
    0xff, 0xff, 0x20, 0x4f, 0xff, 0xff, 0xff, 0xff,
    0xff, 0xff, 0xff, 0xf0, 0x6, 0xff, 0xff, 0xff,
    0xff, 0xff, 0xff, 0xff, 0xfc, 0x0, 0x7f, 0xff,
    0xff, 0xff, 0xff, 0xff, 0xff, 0xff, 0x90, 0x9,
    0xff, 0xff, 0xff, 0xff, 0xff, 0xff, 0xb8, 0x83,
    0x0, 0x0, 0xcf, 0xff, 0x81, 0xa, 0xff, 0xf4,
    0x0, 0x0, 0x0, 0xe, 0xff, 0xf4, 0x0, 0xdf,
    0xff, 0x10, 0x0, 0x0, 0x12, 0xff, 0xff, 0x21,
    0x2f, 0xff, 0xff, 0xff, 0x0, 0x5f, 0xff, 0xff,
    0xff, 0xff, 0xff, 0xff, 0xff, 0xc0, 0x7, 0xff,
    0xff, 0xff, 0xff, 0xff, 0xff, 0xff, 0xfa, 0x0,
    0x8f, 0xff, 0xff, 0xff, 0xff, 0xff, 0xff, 0xff,
    0x70, 0xa, 0xff, 0xff, 0xf9, 0x99, 0xff, 0xff,
    0xa9, 0x93, 0x0, 0x7b, 0xff, 0xfd, 0x0, 0x2f,
    0xff, 0xf1, 0x0, 0x0, 0x0, 0x6f, 0xff, 0xa0,
    0x5, 0xff, 0xff, 0x0, 0x0, 0x0, 0xb, 0xff,
    0xf7, 0x0, 0x8f, 0xff, 0xd0, 0x0, 0x0, 0x1,
    0xff, 0xff, 0x40, 0xc, 0xff, 0xfb, 0x0, 0x0,
    0x0, 0x14, 0x21, 0x0, 0x0, 0x0, 0x0, 0x0,
    0x0, 0x0, 0x0,

    /* U+0024 "$" */
    0x0, 0x0, 0x0, 0x0, 0x2, 0x44, 0x0, 0x0,
    0x0, 0x0, 0x0, 0x1f, 0xff, 0x80, 0x0, 0x0,
    0x0, 0x0, 0x6, 0xff, 0xf2, 0x0, 0x0, 0x0,
    0x0, 0x0, 0x9f, 0xfe, 0x62, 0x0, 0x0, 0x0,
    0x0, 0x6e, 0xff, 0xff, 0xf7, 0x0, 0x0, 0x2,
    0xcf, 0xff, 0xff, 0xff, 0xf2, 0x0, 0x2, 0xef,
    0xff, 0xff, 0xff, 0xff, 0x50, 0x0, 0xdf, 0xff,
    0xe3, 0x2f, 0xff, 0xf5, 0x0, 0x4f, 0xff, 0xf8,
    0x0, 0xcf, 0xc9, 0x10, 0x6, 0xff, 0xff, 0xd0,
    0x2, 0x0, 0x0, 0x0, 0x4f, 0xff, 0xff, 0xd2,
    0x0, 0x0, 0x0, 0x0, 0xdf, 0xff, 0xff, 0xe3,
    0x0, 0x0, 0x0, 0x2, 0xef, 0xff, 0xff, 0xf2,
    0x0, 0x0, 0x0, 0x4, 0xff, 0xff, 0xff, 0xd0,
    0x0, 0x0, 0x0, 0x4, 0xff, 0xff, 0xff, 0x40,
    0x0, 0x0, 0x0, 0x5, 0xff, 0xff, 0xf7, 0x0,
    0x0, 0x10, 0x0, 0xc, 0xff, 0xff, 0x80, 0x0,
    0xd, 0x40, 0x0, 0xcf, 0xff, 0xf6, 0x0, 0x5,
    0xff, 0x50, 0x6f, 0xff, 0xff, 0x20, 0x0, 0xcf,
    0xff, 0xff, 0xff, 0xff, 0xb0, 0x0, 0x3f, 0xff,
    0xff, 0xff, 0xff, 0xe2, 0x0, 0x0, 0xbf, 0xff,
    0xff, 0xff, 0xe3, 0x0, 0x0, 0x0, 0x8f, 0xff,
    0xff, 0x80, 0x0, 0x0, 0x0, 0x0, 0x9, 0xff,
    0xa0, 0x0, 0x0, 0x0, 0x0, 0x0, 0xbf, 0xf8,
    0x0, 0x0, 0x0, 0x0, 0x0, 0xd, 0xcb, 0x40,
    0x0, 0x0, 0x0,

    /* U+0025 "%" */
    0x0, 0x0, 0x4, 0x89, 0x30, 0x0, 0x0, 0x3,
    0x10, 0x0, 0x0, 0x0, 0xb, 0xff, 0xff, 0x30,
    0x0, 0x4, 0xff, 0xda, 0x50, 0x0, 0xc, 0xff,
    0xff, 0xfb, 0x0, 0x0, 0xdf, 0xff, 0xf4, 0x0,
    0x9, 0xff, 0xff, 0xff, 0xf0, 0x0, 0x8f, 0xff,
    0xf9, 0x0, 0x3, 0xff, 0xff, 0xff, 0xff, 0x10,
    0x2f, 0xff, 0xfe, 0x10, 0x0, 0xbf, 0xfe, 0x31,
    0xef, 0xf1, 0xc, 0xff, 0xff, 0x50, 0x0, 0x1f,
    0xff, 0x60, 0x9, 0xff, 0x6, 0xff, 0xff, 0xb0,
    0x0, 0x5, 0xff, 0xe0, 0x0, 0xaf, 0xd1, 0xff,
    0xff, 0xf2, 0x0, 0x0, 0x9f, 0xfb, 0x0, 0xe,
    0xf9, 0xbf, 0xff, 0xf7, 0x0, 0x0, 0xa, 0xff,
    0xc0, 0x8, 0xff, 0x9f, 0xff, 0xfd, 0x4b, 0xfe,
    0x60, 0x9f, 0xff, 0x8b, 0xff, 0xde, 0xff, 0xff,
    0xcf, 0xff, 0xff, 0x46, 0xff, 0xff, 0xff, 0xfd,
    0xff, 0xff, 0xff, 0xff, 0xff, 0xfa, 0xe, 0xff,
    0xff, 0xfa, 0xff, 0xff, 0xff, 0xff, 0xff, 0xff,
    0xe0, 0x3c, 0xfe, 0xa4, 0xef, 0xff, 0xff, 0xff,
    0xfc, 0xdf, 0xfe, 0x0, 0x0, 0x0, 0xaf, 0xff,
    0xfc, 0xff, 0xf8, 0x0, 0xef, 0xd0, 0x0, 0x0,
    0x4f, 0xff, 0xfe, 0x9f, 0xfe, 0x0, 0xc, 0xfb,
    0x0, 0x0, 0xe, 0xff, 0xff, 0x4b, 0xff, 0x90,
    0x1, 0xff, 0x70, 0x0, 0x9, 0xff, 0xff, 0xa0,
    0xdf, 0xf8, 0x0, 0xaf, 0xf1, 0x0, 0x4, 0xff,
    0xff, 0xe1, 0xd, 0xff, 0xe8, 0xcf, 0xfa, 0x0,
    0x0, 0xef, 0xff, 0xf4, 0x0, 0xaf, 0xff, 0xff,
    0xfe, 0x10, 0x0, 0xaf, 0xff, 0xfa, 0x0, 0x3,
    0xff, 0xff, 0xfe, 0x30, 0x0, 0x5f, 0xff, 0xfe,
    0x10, 0x0, 0x5, 0xdf, 0xe9, 0x20, 0x0, 0x5,
    0xae, 0xff, 0x40, 0x0, 0x0, 0x0, 0x0, 0x0,
    0x0, 0x0, 0x0, 0x1, 0x40, 0x0, 0x0, 0x0,
    0x0, 0x0, 0x0, 0x0,

    /* U+0026 "&" */
    0x0, 0x0, 0x0, 0x5, 0xbd, 0xfe, 0x92, 0x0,
    0x0, 0x0, 0x0, 0x4d, 0xff, 0xff, 0xff, 0xf3,
    0x0, 0x0, 0x0, 0x4f, 0xff, 0xff, 0xff, 0xff,
    0x90, 0x0, 0x0, 0x1f, 0xff, 0xff, 0xde, 0xff,
    0xb0, 0x0, 0x0, 0x8, 0xff, 0xff, 0x30, 0x2,
    0xa0, 0x0, 0x0, 0x0, 0xcf, 0xff, 0x90, 0x0,
    0x0, 0x0, 0x0, 0x0, 0xc, 0xff, 0xf8, 0x0,
    0x0, 0x0, 0x0, 0x0, 0x0, 0x8f, 0xff, 0xc0,
    0x3, 0x77, 0x74, 0x0, 0x0, 0x0, 0xcf, 0xff,
    0xb5, 0xaf, 0xff, 0xb7, 0x70, 0x0, 0x3, 0xef,
    0xff, 0xff, 0xff, 0xff, 0xfb, 0x0, 0x9, 0xff,
    0xff, 0xff, 0xff, 0xff, 0xff, 0xd0, 0xa, 0xff,
    0xff, 0xfa, 0x7d, 0xff, 0xfc, 0x31, 0x5, 0xff,
    0xff, 0x90, 0x0, 0xef, 0xff, 0x90, 0x0, 0xdf,
    0xff, 0xa0, 0x0, 0xf, 0xff, 0xf8, 0x0, 0x3f,
    0xff, 0xf2, 0x0, 0x4, 0xff, 0xff, 0x50, 0x5,
    0xff, 0xff, 0x0, 0x0, 0x9f, 0xff, 0xf1, 0x0,
    0x6f, 0xff, 0xf5, 0x0, 0x3f, 0xff, 0xfb, 0x0,
    0x3, 0xff, 0xff, 0xfb, 0xbf, 0xff, 0xff, 0x30,
    0x0, 0xd, 0xff, 0xff, 0xff, 0xff, 0xff, 0x70,
    0x0, 0x0, 0x3e, 0xff, 0xff, 0xff, 0xff, 0x60,
    0x0, 0x0, 0x0, 0x18, 0xdf, 0xfe, 0xc7, 0x10,
    0x0, 0x0, 0x0,

    /* U+0027 "'" */
    0x0, 0x0, 0x1, 0x32, 0x0, 0xcf, 0xff, 0xf3,
    0x0, 0xff, 0xff, 0xe0, 0x3, 0xff, 0xff, 0xa0,
    0x7, 0xff, 0xff, 0x50, 0xb, 0xff, 0xff, 0x0,
    0xf, 0xff, 0xfb, 0x0, 0x3f, 0xff, 0xf6, 0x0,
    0x7f, 0xff, 0xf1, 0x0, 0xae, 0xcb, 0x80, 0x0,
    0x0, 0x0, 0x0, 0x0,

    /* U+0028 "(" */
    0x0, 0x0, 0x0, 0x0, 0x0, 0x0, 0x0, 0x0,
    0x0, 0x0, 0xb, 0x80, 0x0, 0x0, 0x0, 0x0,
    0xc, 0xff, 0x80, 0x0, 0x0, 0x0, 0xb, 0xff,
    0xff, 0x80, 0x0, 0x0, 0xa, 0xff, 0xff, 0xff,
    0x20, 0x0, 0x6, 0xff, 0xff, 0xfe, 0x30, 0x0,
    0x2, 0xff, 0xff, 0xff, 0x30, 0x0, 0x0, 0xbf,
    0xff, 0xff, 0x40, 0x0, 0x0, 0x4f, 0xff, 0xff,
    0x60, 0x0, 0x0, 0xb, 0xff, 0xff, 0xb0, 0x0,
    0x0, 0x2, 0xff, 0xff, 0xf2, 0x0, 0x0, 0x0,
    0x8f, 0xff, 0xf9, 0x0, 0x0, 0x0, 0xd, 0xff,
    0xff, 0x20, 0x0, 0x0, 0x2, 0xff, 0xff, 0xb0,
    0x0, 0x0, 0x0, 0x5f, 0xff, 0xf6, 0x0, 0x0,
    0x0, 0x8, 0xff, 0xff, 0x20, 0x0, 0x0, 0x0,
    0xaf, 0xff, 0xf0, 0x0, 0x0, 0x0, 0xb, 0xff,
    0xfe, 0x0, 0x0, 0x0, 0x0, 0xcf, 0xff, 0xd0,
    0x0, 0x0, 0x0, 0xc, 0xff, 0xfd, 0x0, 0x0,
    0x0, 0x0, 0xbf, 0xff, 0xf0, 0x0, 0x0, 0x0,
    0x9, 0xff, 0xff, 0x50, 0x0, 0x0, 0x0, 0x6f,
    0xff, 0xfc, 0x0, 0x0, 0x0, 0x2, 0xff, 0xff,
    0xf3, 0x0, 0x0, 0x0, 0xe, 0xff, 0xff, 0xd0,
    0x0, 0x0, 0x0, 0x7f, 0xff, 0xff, 0xb0, 0x0,
    0x0, 0x0, 0xef, 0xff, 0xff, 0xa0, 0x0, 0x0,
    0x5, 0xff, 0xff, 0xd1, 0x0, 0x0, 0x0, 0x8,
    0xff, 0xc1, 0x0, 0x0, 0x0, 0x0, 0x6, 0xa0,
    0x0, 0x0, 0x0,

    /* U+0029 ")" */
    0x0, 0x0, 0x0, 0x0, 0x0, 0x0, 0x0, 0x0,
    0x0, 0x0, 0xa, 0x80, 0x0, 0x0, 0x0, 0x0,
    0x2d, 0xff, 0x40, 0x0, 0x0, 0x0, 0x5f, 0xff,
    0xfd, 0x0, 0x0, 0x0, 0x1e, 0xff, 0xff, 0xf6,
    0x0, 0x0, 0x0, 0x2f, 0xff, 0xff, 0xd0, 0x0,
    0x0, 0x0, 0x8f, 0xff, 0xff, 0x20, 0x0, 0x0,
    0x1, 0xff, 0xff, 0xf6, 0x0, 0x0, 0x0, 0xc,
    0xff, 0xff, 0xa0, 0x0, 0x0, 0x0, 0x8f, 0xff,
    0xfc, 0x0, 0x0, 0x0, 0x6, 0xff, 0xff, 0xd0,
    0x0, 0x0, 0x0, 0x4f, 0xff, 0xff, 0x0, 0x0,
    0x0, 0x4, 0xff, 0xff, 0xe0, 0x0, 0x0, 0x0,
    0x4f, 0xff, 0xfd, 0x0, 0x0, 0x0, 0x6, 0xff,
    0xff, 0xc0, 0x0, 0x0, 0x0, 0x9f, 0xff, 0xf9,
    0x0, 0x0, 0x0, 0xc, 0xff, 0xff, 0x60, 0x0,
    0x0, 0x1, 0xff, 0xff, 0xf2, 0x0, 0x0, 0x0,
    0x6f, 0xff, 0xfd, 0x0, 0x0, 0x0, 0xc, 0xff,
    0xff, 0x80, 0x0, 0x0, 0x3, 0xff, 0xff, 0xf1,
    0x0, 0x0, 0x0, 0xcf, 0xff, 0xfa, 0x0, 0x0,
    0x0, 0x7f, 0xff, 0xff, 0x20, 0x0, 0x0, 0x4f,
    0xff, 0xff, 0x80, 0x0, 0x0, 0x6f, 0xff, 0xff,
    0xd0, 0x0, 0x2, 0xbf, 0xff, 0xff, 0xf3, 0x0,
    0x0, 0x3f, 0xff, 0xff, 0xf5, 0x0, 0x0, 0x0,
    0x9f, 0xff, 0xf5, 0x0, 0x0, 0x0, 0x0, 0xef,
    0xe4, 0x0, 0x0, 0x0, 0x0, 0x5, 0x91, 0x0,
    0x0, 0x0, 0x0,

    /* U+002A "*" */
    0x0, 0x0, 0x10, 0x0, 0x0, 0x0, 0x0, 0x8,
    0xe0, 0x0, 0xe6, 0x0, 0x1, 0xdf, 0xf5, 0x8,
    0xff, 0x90, 0x0, 0xcf, 0xfa, 0x1f, 0xff, 0x60,
    0x0, 0x4f, 0xff, 0xaf, 0xf8, 0x0, 0x23, 0x1c,
    0xff, 0xff, 0xc4, 0x60, 0x9f, 0xff, 0xff, 0xff,
    0xff, 0xf1, 0xbf, 0xff, 0xff, 0xff, 0xff, 0xf0,
    0xdf, 0xff, 0xff, 0xff, 0xef, 0xf0, 0x0, 0xaf,
    0xff, 0xfe, 0x11, 0x30, 0x8, 0xff, 0xea, 0xff,
    0x90, 0x0, 0x6f, 0xff, 0x56, 0xff, 0xf3, 0x0,
    0x3a, 0xfc, 0x2, 0xff, 0x92, 0x0, 0x0, 0x22,
    0x0, 0x50, 0x0, 0x0,

    /* U+002B "+" */
    0x0, 0x0, 0xac, 0xd7, 0x0, 0x0, 0x0, 0xff,
    0xf4, 0x0, 0x0, 0x2, 0xff, 0xf1, 0x0, 0x4,
    0x48, 0xff, 0xf7, 0x90, 0xf, 0xff, 0xff, 0xff,
    0xc0, 0x1f, 0xff, 0xff, 0xff, 0x90, 0x3f, 0xff,
    0xff, 0xff, 0x60, 0x4f, 0xff, 0xff, 0xff, 0x30,
    0x0, 0x3f, 0xfe, 0x0, 0x0, 0x0, 0x6f, 0xfc,
    0x0, 0x0, 0x0, 0xaf, 0xfa, 0x0, 0x0, 0x0,
    0x68, 0x84, 0x0, 0x0,

    /* U+002C "," */
    0x1, 0x55, 0x55, 0x30, 0x7f, 0xff, 0xf8, 0xa,
    0xff, 0xff, 0x40, 0xdf, 0xff, 0xf1, 0xf, 0xff,
    0xfc, 0x3, 0xff, 0xff, 0x70, 0x7f, 0xff, 0xf2,
    0xa, 0xff, 0xfe, 0x0, 0xdf, 0xff, 0x90, 0x0,

    /* U+002D "-" */
    0x0, 0x0, 0x0, 0x0, 0x0, 0x0, 0xaf, 0xff,
    0xff, 0xff, 0xf1, 0xe, 0xff, 0xff, 0xff, 0xfe,
    0x2, 0xff, 0xff, 0xff, 0xff, 0xb0, 0x7f, 0xff,
    0xff, 0xff, 0xf8, 0xb, 0xff, 0xff, 0xff, 0xff,
    0x50,

    /* U+002E "." */
    0x0, 0x47, 0x61, 0x0, 0x8f, 0xff, 0xf3, 0x1f,
    0xff, 0xff, 0xb2, 0xff, 0xff, 0xfb, 0xe, 0xff,
    0xff, 0x50, 0x4d, 0xfc, 0x50,

    /* U+002F "/" */
    0x0, 0x0, 0x0, 0x0, 0x0, 0x0, 0x0, 0x36,
    0x20, 0x0, 0x0, 0x0, 0x0, 0x0, 0x0, 0x0,
    0x0, 0xcf, 0xff, 0xd3, 0x0, 0x0, 0x0, 0x0,
    0x0, 0x0, 0x6, 0xff, 0xff, 0xa0, 0x0, 0x0,
    0x0, 0x0, 0x0, 0x0, 0x1f, 0xff, 0xfe, 0x10,
    0x0, 0x0, 0x0, 0x0, 0x0, 0x0, 0xaf, 0xff,
    0xf5, 0x0, 0x0, 0x0, 0x0, 0x0, 0x0, 0x4,
    0xff, 0xff, 0xb0, 0x0, 0x0, 0x0, 0x0, 0x0,
    0x0, 0xe, 0xff, 0xff, 0x10, 0x0, 0x0, 0x0,
    0x0, 0x0, 0x0, 0x9f, 0xff, 0xf6, 0x0, 0x0,
    0x0, 0x0, 0x0, 0x0, 0x3, 0xff, 0xff, 0xb0,
    0x0, 0x0, 0x0, 0x0, 0x0, 0x0, 0xd, 0xff,
    0xff, 0x20, 0x0, 0x0, 0x0, 0x0, 0x0, 0x0,
    0x9f, 0xff, 0xf7, 0x0, 0x0, 0x0, 0x0, 0x0,
    0x0, 0x3, 0xff, 0xff, 0xc0, 0x0, 0x0, 0x0,
    0x0, 0x0, 0x0, 0xd, 0xff, 0xff, 0x20, 0x0,
    0x0, 0x0, 0x0, 0x0, 0x0, 0x9f, 0xff, 0xf7,
    0x0, 0x0, 0x0, 0x0, 0x0, 0x0, 0x4, 0xff,
    0xff, 0xc0, 0x0, 0x0, 0x0, 0x0, 0x0, 0x0,
    0x1e, 0xff, 0xff, 0x20, 0x0, 0x0, 0x0, 0x0,
    0x0, 0x0, 0xaf, 0xff, 0xf8, 0x0, 0x0, 0x0,
    0x0, 0x0, 0x0, 0x5, 0xff, 0xff, 0xd0, 0x0,
    0x0, 0x0, 0x0, 0x0, 0x0, 0x1e, 0xff, 0xff,
    0x30, 0x0, 0x0, 0x0, 0x0, 0x0, 0x0, 0xbf,
    0xff, 0xf8, 0x0, 0x0, 0x0, 0x0, 0x0, 0x0,
    0x6, 0xff, 0xff, 0xd0, 0x0, 0x0, 0x0, 0x0,
    0x0, 0x0, 0x1e, 0xff, 0xff, 0x30, 0x0, 0x0,
    0x0, 0x0, 0x0, 0x0, 0x0, 0x26, 0xa7, 0x0,
    0x0, 0x0, 0x0, 0x0, 0x0, 0x0,

    /* U+0030 "0" */
    0x0, 0x0, 0x0, 0x7, 0xdf, 0xd5, 0x0, 0x0,
    0x0, 0x2, 0xdf, 0xff, 0xff, 0x50, 0x0, 0x0,
    0x2e, 0xff, 0xff, 0xff, 0xe0, 0x0, 0x0, 0xdf,
    0xff, 0xff, 0xff, 0xf4, 0x0, 0xa, 0xff, 0xff,
    0xff, 0xff, 0xf7, 0x0, 0x4f, 0xff, 0xff, 0xff,
    0xff, 0xf9, 0x0, 0xcf, 0xff, 0xf5, 0x6, 0xff,
    0xfa, 0x4, 0xff, 0xff, 0x60, 0x0, 0xcf, 0xfa,
    0xa, 0xff, 0xfc, 0x0, 0x0, 0x9f, 0xf9, 0xf,
    0xff, 0xf5, 0x0, 0x0, 0x9f, 0xf8, 0x4f, 0xff,
    0xe0, 0x0, 0x0, 0xbf, 0xf5, 0x7f, 0xff, 0xa0,
    0x0, 0x0, 0xff, 0xf2, 0xbf, 0xff, 0x60, 0x0,
    0x4, 0xff, 0xe0, 0xcf, 0xff, 0x50, 0x0, 0xc,
    0xff, 0x90, 0xdf, 0xff, 0x60, 0x0, 0x6f, 0xff,
    0x30, 0xdf, 0xff, 0xb0, 0x6, 0xff, 0xfc, 0x0,
    0xbf, 0xff, 0xfe, 0xef, 0xff, 0xf4, 0x0, 0x7f,
    0xff, 0xff, 0xff, 0xff, 0xa0, 0x0, 0x1f, 0xff,
    0xff, 0xff, 0xfc, 0x0, 0x0, 0x7, 0xff, 0xff,
    0xff, 0xc0, 0x0, 0x0, 0x0, 0x5c, 0xff, 0xc6,
    0x0, 0x0, 0x0,

    /* U+0031 "1" */
    0x0, 0x0, 0x0, 0x35, 0x81, 0x5, 0x8b, 0xdf,
    0xff, 0xe0, 0x5f, 0xff, 0xff, 0xff, 0xb0, 0x7f,
    0xff, 0xff, 0xff, 0x80, 0x9f, 0xff, 0xff, 0xff,
    0x40, 0xcf, 0xff, 0xff, 0xff, 0x10, 0xa9, 0x6c,
    0xff, 0xfe, 0x0, 0x0, 0xc, 0xff, 0xfa, 0x0,
    0x0, 0xf, 0xff, 0xf7, 0x0, 0x0, 0x2f, 0xff,
    0xf4, 0x0, 0x0, 0x5f, 0xff, 0xf1, 0x0, 0x0,
    0x8f, 0xff, 0xe0, 0x0, 0x0, 0xbf, 0xff, 0xb0,
    0x0, 0x0, 0xef, 0xff, 0x80, 0x0, 0x1, 0xff,
    0xff, 0x60, 0x0, 0x5, 0xff, 0xff, 0x30, 0x0,
    0x8, 0xff, 0xff, 0x0, 0x0, 0xb, 0xff, 0xfe,
    0x0, 0x0, 0xf, 0xff, 0xfb, 0x0, 0x0, 0x2f,
    0xff, 0xf7, 0x0, 0x0, 0x4b, 0x74, 0x0, 0x0,
    0x0,

    /* U+0032 "2" */
    0x0, 0x0, 0x0, 0x3a, 0xef, 0xea, 0x30, 0x0,
    0x0, 0x0, 0xa, 0xff, 0xff, 0xff, 0xf7, 0x0,
    0x0, 0x0, 0xcf, 0xff, 0xff, 0xff, 0xff, 0x40,
    0x0, 0x8, 0xff, 0xff, 0xff, 0xff, 0xff, 0xb0,
    0x0, 0xf, 0xff, 0xff, 0xff, 0xff, 0xff, 0xe0,
    0x0, 0x5f, 0xff, 0xfc, 0x2, 0xff, 0xff, 0xf0,
    0x0, 0x7f, 0xff, 0xf6, 0x0, 0xef, 0xff, 0xf0,
    0x0, 0x8f, 0xdb, 0xa3, 0x4, 0xff, 0xff, 0xb0,
    0x0, 0x0, 0x0, 0x0, 0x4f, 0xff, 0xff, 0x40,
    0x0, 0x0, 0x0, 0x6, 0xff, 0xff, 0xfa, 0x0,
    0x0, 0x0, 0x0, 0xaf, 0xff, 0xff, 0xd0, 0x0,
    0x0, 0x0, 0x1c, 0xff, 0xff, 0xfd, 0x10, 0x0,
    0x0, 0x3, 0xef, 0xff, 0xff, 0xb0, 0x0, 0x0,
    0x0, 0x4f, 0xff, 0xff, 0xf7, 0x0, 0x0, 0x0,
    0x4, 0xff, 0xff, 0xfc, 0x20, 0x0, 0x0, 0x0,
    0x1e, 0xff, 0xfe, 0x60, 0x0, 0x13, 0x20, 0x0,
    0x6f, 0xff, 0xff, 0xff, 0xff, 0xff, 0x60, 0x0,
    0x9f, 0xff, 0xff, 0xff, 0xff, 0xff, 0x50, 0x0,
    0xbf, 0xff, 0xff, 0xff, 0xff, 0xff, 0x30, 0x0,
    0xdf, 0xff, 0xff, 0xff, 0xff, 0xff, 0x20, 0x0,
    0x45, 0x55, 0x55, 0x55, 0x55, 0x43, 0x0, 0x0,

    /* U+0033 "3" */
    0x0, 0x9, 0xff, 0xff, 0xff, 0xff, 0xff, 0x70,
    0x0, 0xaf, 0xff, 0xff, 0xff, 0xff, 0xf5, 0x0,
    0xb, 0xff, 0xff, 0xff, 0xff, 0xff, 0x30, 0x0,
    0xcf, 0xff, 0xff, 0xff, 0xff, 0xf1, 0x0, 0xd,
    0xff, 0xff, 0xff, 0xff, 0xff, 0x0, 0x0, 0x11,
    0x13, 0xdf, 0xff, 0xff, 0xd0, 0x0, 0x0, 0x4,
    0xef, 0xff, 0xff, 0x91, 0x0, 0x0, 0x9, 0xff,
    0xff, 0xfa, 0x20, 0x0, 0x0, 0x3e, 0xff, 0xff,
    0xc2, 0x0, 0x0, 0x0, 0x7, 0xff, 0xff, 0xff,
    0xd8, 0x10, 0x0, 0x0, 0x9f, 0xff, 0xff, 0xff,
    0xfe, 0x20, 0x0, 0xb, 0xff, 0xff, 0xff, 0xff,
    0xfd, 0x0, 0x0, 0x99, 0x86, 0x7a, 0xff, 0xff,
    0xf4, 0x0, 0x0, 0x0, 0x0, 0x6, 0xff, 0xff,
    0x60, 0x0, 0x0, 0x0, 0x0, 0x3f, 0xff, 0xf4,
    0x3, 0x77, 0x77, 0x30, 0xb, 0xff, 0xfe, 0x0,
    0xaf, 0xff, 0xfe, 0x9d, 0xff, 0xff, 0x70, 0xa,
    0xff, 0xff, 0xff, 0xff, 0xff, 0xc0, 0x0, 0x7f,
    0xff, 0xff, 0xff, 0xff, 0xc0, 0x0, 0x0, 0xdf,
    0xff, 0xff, 0xff, 0x80, 0x0, 0x0, 0x0, 0x8d,
    0xff, 0xd8, 0x20, 0x0, 0x0, 0x0,

    /* U+0034 "4" */
    0x0, 0x0, 0x0, 0x0, 0x21, 0x0, 0x0, 0x0,
    0x0, 0x2, 0xff, 0xff, 0x30, 0x0, 0x0, 0x0,
    0x0, 0x7f, 0xff, 0xe0, 0x0, 0x0, 0x0, 0x0,
    0xc, 0xff, 0xf8, 0x0, 0x13, 0x50, 0x0, 0x1,
    0xff, 0xff, 0x3b, 0xff, 0xfd, 0x0, 0x0, 0x6f,
    0xff, 0xd0, 0xff, 0xff, 0xb0, 0x0, 0xb, 0xff,
    0xf7, 0x3f, 0xff, 0xf8, 0x0, 0x0, 0xff, 0xff,
    0x26, 0xff, 0xff, 0x50, 0x0, 0x5f, 0xff, 0xd0,
    0x9f, 0xff, 0xf2, 0x0, 0xa, 0xff, 0xf9, 0xc,
    0xff, 0xff, 0x0, 0x0, 0xff, 0xff, 0x40, 0xff,
    0xff, 0xd0, 0x0, 0x5f, 0xff, 0xe0, 0x1f, 0xff,
    0xfa, 0x0, 0xa, 0xff, 0xfe, 0x9a, 0xff, 0xff,
    0xc9, 0x0, 0xef, 0xff, 0xff, 0xff, 0xff, 0xff,
    0xc0, 0x4f, 0xff, 0xff, 0xff, 0xff, 0xff, 0xf8,
    0x1, 0xff, 0xff, 0xff, 0xff, 0xff, 0xff, 0x40,
    0x9, 0xff, 0xff, 0xff, 0xff, 0xff, 0xf1, 0x0,
    0x16, 0x54, 0x27, 0xff, 0xff, 0x70, 0x0, 0x0,
    0x0, 0x0, 0x8f, 0xff, 0xf6, 0x0, 0x0, 0x0,
    0x0, 0xa, 0xff, 0xff, 0x50, 0x0, 0x0, 0x0,
    0x0, 0xcf, 0xff, 0xe3, 0x0, 0x0, 0x0, 0x0,
    0x8, 0x63, 0x10, 0x0, 0x0,

    /* U+0035 "5" */
    0x0, 0x4f, 0xff, 0xff, 0xff, 0xff, 0xf6, 0x0,
    0x7f, 0xff, 0xff, 0xff, 0xff, 0xf4, 0x0, 0xaf,
    0xff, 0xff, 0xff, 0xff, 0xf2, 0x0, 0xdf, 0xff,
    0xff, 0xff, 0xff, 0xf0, 0x0, 0xff, 0xff, 0xc9,
    0x99, 0x99, 0x90, 0x2, 0xff, 0xff, 0x50, 0x0,
    0x0, 0x0, 0x5, 0xff, 0xff, 0x30, 0x0, 0x0,
    0x0, 0x7, 0xff, 0xff, 0xcb, 0x95, 0x0, 0x0,
    0xa, 0xff, 0xff, 0xff, 0xff, 0xe4, 0x0, 0xc,
    0xff, 0xff, 0xff, 0xff, 0xff, 0x20, 0xe, 0xff,
    0xff, 0xff, 0xff, 0xff, 0x80, 0x6, 0x41, 0x0,
    0x3c, 0xff, 0xff, 0xa0, 0x0, 0x0, 0x0, 0x4,
    0xff, 0xff, 0xa0, 0x57, 0x64, 0x20, 0x4, 0xff,
    0xff, 0x70, 0xbf, 0xff, 0x90, 0xa, 0xff, 0xff,
    0x20, 0xcf, 0xff, 0xe6, 0xaf, 0xff, 0xfa, 0x0,
    0xbf, 0xff, 0xff, 0xff, 0xff, 0xf2, 0x0, 0x9f,
    0xff, 0xff, 0xff, 0xff, 0x60, 0x0, 0x3f, 0xff,
    0xff, 0xff, 0xf7, 0x0, 0x0, 0x9, 0xff, 0xff,
    0xff, 0x60, 0x0, 0x0, 0x0, 0x6d, 0xfe, 0x92,
    0x0, 0x0, 0x0,

    /* U+0036 "6" */
    0x0, 0x0, 0x0, 0x17, 0xdf, 0xe9, 0x10, 0x0,
    0x0, 0x5, 0xef, 0xff, 0xff, 0xc0, 0x0, 0x0,
    0x7f, 0xff, 0xff, 0xff, 0xf6, 0x0, 0x5, 0xff,
    0xff, 0xff, 0xff, 0xfb, 0x0, 0x1e, 0xff, 0xff,
    0xfe, 0xff, 0xfd, 0x0, 0xaf, 0xff, 0xff, 0x22,
    0xff, 0xa2, 0x1, 0xff, 0xff, 0xf7, 0x0, 0xa2,
    0x0, 0x7, 0xff, 0xff, 0xf0, 0x0, 0x0, 0x0,
    0xc, 0xff, 0xff, 0xa0, 0x0, 0x0, 0x0, 0xf,
    0xff, 0xff, 0x50, 0x0, 0x0, 0x0, 0x4f, 0xff,
    0xff, 0xce, 0xfd, 0x80, 0x0, 0x6f, 0xff, 0xff,
    0xff, 0xff, 0xfc, 0x0, 0x7f, 0xff, 0xff, 0xff,
    0xff, 0xff, 0x80, 0x8f, 0xff, 0xfc, 0x87, 0xaf,
    0xff, 0xe0, 0x7f, 0xff, 0xf6, 0x0, 0xa, 0xff,
    0xf0, 0x6f, 0xff, 0xf9, 0x0, 0x1e, 0xff, 0xf0,
    0x3f, 0xff, 0xff, 0x66, 0xdf, 0xff, 0xc0, 0xd,
    0xff, 0xff, 0xff, 0xff, 0xff, 0x60, 0x4, 0xff,
    0xff, 0xff, 0xff, 0xfc, 0x0, 0x0, 0x7f, 0xff,
    0xff, 0xff, 0xb1, 0x0, 0x0, 0x3, 0xae, 0xfd,
    0xb5, 0x0, 0x0,

    /* U+0037 "7" */
    0x0, 0x0, 0x0, 0x0, 0x0, 0x0, 0x10, 0x0,
    0x56, 0x89, 0xbc, 0xdf, 0xfb, 0x0, 0xf, 0xff,
    0xff, 0xff, 0xff, 0x50, 0x3, 0xff, 0xff, 0xff,
    0xff, 0xf0, 0x0, 0x6f, 0xff, 0xff, 0xff, 0xfa,
    0x0, 0x8, 0xff, 0xff, 0xff, 0xff, 0x40, 0x0,
    0x78, 0x63, 0xcf, 0xff, 0xe0, 0x0, 0x0, 0x0,
    0x1f, 0xff, 0xf9, 0x0, 0x0, 0x0, 0x7, 0xff,
    0xff, 0x40, 0x0, 0x0, 0x0, 0xdf, 0xff, 0xe0,
    0x0, 0x0, 0x0, 0x2f, 0xff, 0xf9, 0x0, 0x0,
    0x0, 0x8, 0xff, 0xff, 0x30, 0x0, 0x0, 0x0,
    0xef, 0xff, 0xd0, 0x0, 0x0, 0x0, 0x4f, 0xff,
    0xf8, 0x0, 0x0, 0x0, 0x9, 0xff, 0xff, 0x20,
    0x0, 0x0, 0x0, 0xef, 0xff, 0xd0, 0x0, 0x0,
    0x0, 0x5f, 0xff, 0xf7, 0x0, 0x0, 0x0, 0xa,
    0xff, 0xff, 0x20, 0x0, 0x0, 0x0, 0xff, 0xff,
    0xc0, 0x0, 0x0, 0x0, 0x6f, 0xff, 0xf7, 0x0,
    0x0, 0x0, 0xb, 0xff, 0xff, 0x10, 0x0, 0x0,
    0x0, 0xa9, 0x86, 0x40, 0x0, 0x0, 0x0,

    /* U+0038 "8" */
    0x0, 0x0, 0x0, 0x0, 0x5a, 0xef, 0xeb, 0x40,
    0x0, 0x0, 0x0, 0x6, 0xef, 0xff, 0xff, 0xff,
    0x70, 0x0, 0x0, 0xa, 0xff, 0xff, 0xff, 0xff,
    0xff, 0x20, 0x0, 0xa, 0xff, 0xff, 0xff, 0xff,
    0xff, 0xf6, 0x0, 0x4, 0xff, 0xff, 0xfc, 0xbf,
    0xff, 0xff, 0x60, 0x0, 0x9f, 0xff, 0xf3, 0x0,
    0x1f, 0xff, 0xf2, 0x0, 0xa, 0xff, 0xfc, 0x0,
    0x3, 0xff, 0xfb, 0x0, 0x0, 0x6f, 0xff, 0xf3,
    0x6, 0xff, 0xfd, 0x10, 0x0, 0x0, 0xbf, 0xff,
    0xff, 0xff, 0xfa, 0x10, 0x0, 0x0, 0x7, 0xff,
    0xff, 0xff, 0xff, 0x90, 0x0, 0x0, 0x2d, 0xff,
    0xff, 0xff, 0xff, 0xff, 0x30, 0x0, 0xd, 0xff,
    0xfe, 0x84, 0x7f, 0xff, 0xf9, 0x0, 0x8, 0xff,
    0xfc, 0x10, 0x0, 0x8f, 0xff, 0xd0, 0x0, 0xef,
    0xff, 0x10, 0x0, 0x5, 0xff, 0xfe, 0x0, 0x3f,
    0xff, 0xb0, 0x0, 0x0, 0x6f, 0xff, 0xc0, 0x6,
    0xff, 0xfd, 0x0, 0x0, 0xd, 0xff, 0xf8, 0x0,
    0x6f, 0xff, 0xfc, 0x76, 0x8e, 0xff, 0xff, 0x20,
    0x4, 0xff, 0xff, 0xff, 0xff, 0xff, 0xff, 0x70,
    0x0, 0xe, 0xff, 0xff, 0xff, 0xff, 0xff, 0x90,
    0x0, 0x0, 0x3f, 0xff, 0xff, 0xff, 0xfe, 0x60,
    0x0, 0x0, 0x0, 0x18, 0xce, 0xfe, 0xb6, 0x0,
    0x0, 0x0, 0x0,

    /* U+0039 "9" */
    0x0, 0x0, 0x39, 0xdf, 0xea, 0x40, 0x0, 0x0,
    0x0, 0x9f, 0xff, 0xff, 0xff, 0x90, 0x0, 0x0,
    0x9f, 0xff, 0xff, 0xff, 0xff, 0x90, 0x0, 0x4f,
    0xff, 0xff, 0xff, 0xff, 0xff, 0x40, 0xb, 0xff,
    0xff, 0xa3, 0x6f, 0xff, 0xfa, 0x0, 0xef, 0xff,
    0xb0, 0x0, 0xbf, 0xff, 0xf0, 0xf, 0xff, 0xf9,
    0x0, 0xb, 0xff, 0xff, 0x10, 0xff, 0xff, 0xf5,
    0x15, 0xff, 0xff, 0xf3, 0xc, 0xff, 0xff, 0xff,
    0xff, 0xff, 0xff, 0x20, 0x5f, 0xff, 0xff, 0xff,
    0xff, 0xff, 0xf1, 0x0, 0xaf, 0xff, 0xff, 0xff,
    0xff, 0xff, 0x0, 0x0, 0x7f, 0xff, 0xfc, 0xff,
    0xff, 0xb0, 0x0, 0x0, 0x3, 0x30, 0xaf, 0xff,
    0xf7, 0x0, 0x0, 0x0, 0x0, 0x1f, 0xff, 0xff,
    0x10, 0x0, 0x0, 0x0, 0xc, 0xff, 0xff, 0x90,
    0x0, 0x0, 0x0, 0x2c, 0xff, 0xff, 0xf1, 0x0,
    0x0, 0x6, 0xdf, 0xff, 0xff, 0xf5, 0x0, 0x0,
    0x0, 0x9f, 0xff, 0xff, 0xf8, 0x0, 0x0, 0x0,
    0xa, 0xff, 0xff, 0xf7, 0x0, 0x0, 0x0, 0x0,
    0xcf, 0xff, 0xd3, 0x0, 0x0, 0x0, 0x0, 0xd,
    0xda, 0x40, 0x0, 0x0, 0x0, 0x0,

    /* U+003A ":" */
    0x0, 0x0, 0x14, 0x80, 0x0, 0x1f, 0xff, 0xe0,
    0x0, 0x4f, 0xff, 0xb0, 0x0, 0x6f, 0xff, 0x80,
    0x0, 0x9f, 0xff, 0x50, 0x0, 0xbf, 0xff, 0x30,
    0x0, 0xef, 0xff, 0x0, 0x0, 0x22, 0x22, 0x0,
    0x0, 0x0, 0x0, 0x0, 0x5, 0xcc, 0xc6, 0x0,
    0x9, 0xff, 0xf5, 0x0, 0xb, 0xff, 0xf3, 0x0,
    0xe, 0xff, 0xf0, 0x0, 0x1f, 0xff, 0xe0, 0x0,
    0x3f, 0xff, 0xb0, 0x0, 0x36, 0x21, 0x0, 0x0,

    /* U+003B ";" */
    0x0, 0x0, 0x0, 0x1, 0x0, 0x0, 0x6f, 0xff,
    0xf1, 0x0, 0x8, 0xff, 0xff, 0x0, 0x0, 0xbf,
    0xff, 0xc0, 0x0, 0xe, 0xff, 0xfa, 0x0, 0x0,
    0xff, 0xff, 0x70, 0x0, 0x2f, 0xff, 0xf4, 0x0,
    0x0, 0x22, 0x22, 0x0, 0x0, 0x0, 0x0, 0x0,
    0x0, 0x4, 0x55, 0x55, 0x0, 0x0, 0xff, 0xff,
    0xf0, 0x0, 0x2f, 0xff, 0xfc, 0x0, 0x5, 0xff,
    0xff, 0x80, 0x0, 0x8f, 0xff, 0xf3, 0x0, 0xc,
    0xff, 0xff, 0x0, 0x0, 0xff, 0xff, 0xa0, 0x0,
    0x2f, 0xff, 0xf5, 0x0, 0x5, 0xff, 0xff, 0x10,
    0x0,

    /* U+003C "<" */
    0x0, 0x0, 0x0, 0x0, 0x0, 0x0, 0x0, 0x0,
    0x0, 0x15, 0x0, 0x0, 0x0, 0x2, 0xd3, 0x0,
    0x0, 0x0, 0x3e, 0xf0, 0x0, 0x0, 0x5, 0xff,
    0xb0, 0x0, 0x0, 0x9f, 0xff, 0x80, 0x0, 0x1c,
    0xff, 0xff, 0x50, 0x3, 0xef, 0xff, 0xff, 0x10,
    0x8, 0xff, 0xff, 0xc2, 0x0, 0xb, 0xff, 0xf9,
    0x0, 0x0, 0xd, 0xfe, 0x40, 0x0, 0x0, 0xf,
    0xf5, 0x0, 0x0, 0x0, 0x2f, 0xff, 0x50, 0x0,
    0x0, 0x4f, 0xff, 0xf6, 0x0, 0x0, 0x7f, 0xff,
    0xff, 0x70, 0x0, 0x7f, 0xff, 0xff, 0xf1, 0x0,
    0xa, 0xff, 0xff, 0xe0, 0x0, 0x0, 0xaf, 0xff,
    0xb0, 0x0, 0x0, 0xb, 0xff, 0x70, 0x0, 0x0,
    0x0, 0xbf, 0x40, 0x0, 0x0, 0x0, 0xb, 0x10,
    0x0, 0x0, 0x0, 0x0, 0x0, 0x0,

    /* U+003D "=" */
    0x0, 0x46, 0x66, 0x66, 0x73, 0x0, 0xcf, 0xff,
    0xff, 0xf1, 0x0, 0xef, 0xff, 0xff, 0xd0, 0x0,
    0xff, 0xff, 0xff, 0x90, 0x0, 0xff, 0xff, 0xff,
    0x50, 0x0, 0x0, 0x0, 0x0, 0x0, 0x0, 0x0,
    0x0, 0x0, 0x0, 0x2, 0x44, 0x44, 0x43, 0x0,
    0xa, 0xff, 0xff, 0xfb, 0x0, 0xd, 0xff, 0xff,
    0xfb, 0x0, 0x2f, 0xff, 0xff, 0xfa, 0x0, 0x6f,
    0xff, 0xff, 0xf9, 0x0, 0x11, 0x0, 0x0, 0x0,
    0x0,

    /* U+003E ">" */
    0x0, 0x2, 0x0, 0x0, 0x0, 0x0, 0x7, 0xb0,
    0x0, 0x0, 0x0, 0x9, 0xfb, 0x0, 0x0, 0x0,
    0xb, 0xff, 0xa0, 0x0, 0x0, 0xc, 0xff, 0xfa,
    0x0, 0x0, 0xe, 0xff, 0xff, 0xa0, 0x0, 0xf,
    0xff, 0xff, 0xf8, 0x0, 0x5, 0xff, 0xff, 0xf6,
    0x0, 0x0, 0x4f, 0xff, 0xf4, 0x0, 0x0, 0x3,
    0xff, 0xf1, 0x0, 0x0, 0x0, 0x8f, 0xe0, 0x0,
    0x0, 0x1b, 0xff, 0xc0, 0x0, 0x4, 0xef, 0xff,
    0x90, 0x0, 0x9f, 0xff, 0xff, 0x70, 0x8, 0xff,
    0xff, 0xfe, 0x30, 0xb, 0xff, 0xff, 0xc2, 0x0,
    0xe, 0xff, 0xf9, 0x0, 0x0, 0x1f, 0xff, 0x50,
    0x0, 0x0, 0x4f, 0xd2, 0x0, 0x0, 0x0, 0x8b,
    0x0, 0x0, 0x0, 0x0, 0x60, 0x0, 0x0, 0x0,
    0x0,

    /* U+003F "?" */
    0x0, 0x0, 0x49, 0xdf, 0xfc, 0x60, 0x0, 0x4,
    0xdf, 0xff, 0xff, 0xff, 0xa0, 0x8, 0xff, 0xff,
    0xff, 0xff, 0xff, 0x20, 0xaf, 0xff, 0xfa, 0xbf,
    0xff, 0xf4, 0x4, 0xff, 0xb2, 0x2, 0xff, 0xff,
    0x30, 0xd, 0x80, 0x0, 0xbf, 0xff, 0xf1, 0x0,
    0x10, 0x0, 0xbf, 0xff, 0xf9, 0x0, 0x0, 0x0,
    0xcf, 0xff, 0xfd, 0x10, 0x0, 0x0, 0xbf, 0xff,
    0xfd, 0x20, 0x0, 0x0, 0x7f, 0xff, 0xfc, 0x10,
    0x0, 0x0, 0x1f, 0xff, 0xfa, 0x0, 0x0, 0x0,
    0x6, 0xff, 0xfa, 0x0, 0x0, 0x0, 0x0, 0xaf,
    0xfe, 0x0, 0x0, 0x0, 0x0, 0xc, 0xfd, 0x70,
    0x0, 0x0, 0x0, 0x0, 0x0, 0x0, 0x0, 0x0,
    0x0, 0x0, 0x0, 0x0, 0x0, 0x0, 0x0, 0x0,
    0x1, 0xbf, 0xea, 0x0, 0x0, 0x0, 0x0, 0xcf,
    0xff, 0xf9, 0x0, 0x0, 0x0, 0x3f, 0xff, 0xff,
    0xb0, 0x0, 0x0, 0x4, 0xff, 0xff, 0xf7, 0x0,
    0x0, 0x0, 0xe, 0xff, 0xfa, 0x0, 0x0, 0x0,
    0x0, 0x17, 0x73, 0x0, 0x0, 0x0, 0x0,

    /* U+0040 "@" */
    0x0, 0x0, 0x0, 0x0, 0x0, 0x1, 0x58, 0xcd,
    0xef, 0xed, 0x94, 0x0, 0x0, 0x0, 0x0, 0x0,
    0x0, 0x0, 0x4, 0xbf, 0xff, 0xff, 0xff, 0xff,
    0xff, 0xd5, 0x0, 0x0, 0x0, 0x0, 0x0, 0x5,
    0xdf, 0xff, 0xff, 0xff, 0xff, 0xff, 0xff, 0xff,
    0x90, 0x0, 0x0, 0x0, 0x1, 0xbf, 0xff, 0xff,
    0xff, 0xff, 0xff, 0xff, 0xff, 0xff, 0xf9, 0x0,
    0x0, 0x0, 0x3e, 0xff, 0xff, 0xff, 0xd9, 0x65,
    0x45, 0x7b, 0xff, 0xff, 0xff, 0x40, 0x0, 0x3,
    0xff, 0xff, 0xff, 0x82, 0x0, 0x0, 0x0, 0x0,
    0x1a, 0xff, 0xff, 0xc0, 0x0, 0x1e, 0xff, 0xff,
    0xa1, 0x0, 0x0, 0x2, 0x32, 0x0, 0x0, 0x9f,
    0xff, 0xf2, 0x0, 0xbf, 0xff, 0xf8, 0x0, 0x0,
    0x7c, 0xff, 0xff, 0xfb, 0x40, 0xe, 0xff, 0xf7,
    0x6, 0xff, 0xff, 0x80, 0x0, 0x6e, 0xff, 0xff,
    0xff, 0xff, 0xe0, 0xb, 0xff, 0xf9, 0xd, 0xff,
    0xfd, 0x0, 0xa, 0xff, 0xfd, 0x74, 0x7f, 0xff,
    0xa0, 0xa, 0xff, 0xf9, 0x3f, 0xff, 0xf5, 0x0,
    0xaf, 0xff, 0x80, 0x0, 0x8f, 0xff, 0x60, 0xc,
    0xff, 0xf8, 0x7f, 0xff, 0xf0, 0x7, 0xff, 0xf8,
    0x0, 0x0, 0xdf, 0xff, 0x20, 0x2f, 0xff, 0xf5,
    0xaf, 0xff, 0xd0, 0x1f, 0xff, 0xf0, 0x0, 0x2,
    0xff, 0xfe, 0x0, 0xaf, 0xff, 0xf1, 0xbf, 0xff,
    0xb0, 0x5f, 0xff, 0xd0, 0x0, 0x7, 0xff, 0xfa,
    0x9, 0xff, 0xff, 0x90, 0xbf, 0xff, 0xc0, 0x7f,
    0xff, 0xf3, 0x1, 0x5d, 0xff, 0xf8, 0xbf, 0xff,
    0xfe, 0x10, 0xaf, 0xff, 0xe0, 0x4f, 0xff, 0xff,
    0xff, 0xff, 0xff, 0xff, 0xff, 0xff, 0xf4, 0x0,
    0x8f, 0xff, 0xf2, 0xc, 0xff, 0xff, 0xff, 0xdf,
    0xff, 0xff, 0xff, 0xfe, 0x40, 0x0, 0x5f, 0xff,
    0xf3, 0x1, 0x9e, 0xfe, 0xa3, 0x4f, 0xff, 0xff,
    0xff, 0x91, 0x0, 0x0, 0x1f, 0xff, 0x60, 0x0,
    0x0, 0x0, 0x0, 0x6, 0xbb, 0xa9, 0x50, 0x0,
    0x0, 0x0, 0xc, 0xf6, 0x0, 0x0, 0x0, 0x0,
    0x0, 0x0, 0x0, 0x0, 0x0, 0x0, 0x0, 0x0,
    0x5, 0x60, 0x0, 0x0, 0x0, 0x0, 0x0, 0x0,
    0x0, 0x0, 0x0, 0x0, 0x0, 0x0, 0x0, 0x0,
    0x0, 0x0, 0x0, 0x0, 0x0, 0x0, 0x0, 0x0,
    0x0, 0x0, 0x0, 0x0,

    /* U+0041 "A" */
    0x0, 0x0, 0x0, 0x0, 0x0, 0x0, 0x13, 0x0,
    0x0, 0x0, 0x58, 0x9b, 0xcf, 0xfe, 0x0, 0x0,
    0x0, 0xff, 0xff, 0xff, 0xfd, 0x0, 0x0, 0x4,
    0xff, 0xff, 0xff, 0xfc, 0x0, 0x0, 0x8, 0xff,
    0xfc, 0xff, 0xfb, 0x0, 0x0, 0xd, 0xff, 0xf6,
    0xff, 0xfa, 0x0, 0x0, 0x1f, 0xff, 0xd5, 0xff,
    0xf9, 0x0, 0x0, 0x6f, 0xff, 0x96, 0xff, 0xf8,
    0x0, 0x0, 0xbf, 0xff, 0x58, 0xff, 0xf7, 0x0,
    0x0, 0xff, 0xff, 0x19, 0xff, 0xf7, 0x0, 0x4,
    0xff, 0xfd, 0xb, 0xff, 0xf6, 0x0, 0x9, 0xff,
    0xf9, 0xc, 0xff, 0xf5, 0x0, 0xd, 0xff, 0xf5,
    0xd, 0xff, 0xf4, 0x0, 0x2f, 0xff, 0xf1, 0xf,
    0xff, 0xf4, 0x0, 0x7f, 0xff, 0xfe, 0xef, 0xff,
    0xf3, 0x0, 0xcf, 0xff, 0xff, 0xff, 0xff, 0xf3,
    0x1, 0xff, 0xff, 0xff, 0xff, 0xff, 0xf2, 0x5,
    0xff, 0xff, 0x20, 0x4f, 0xff, 0xf1, 0xa, 0xff,
    0xfe, 0x0, 0x6f, 0xff, 0xf1, 0xe, 0xff, 0xfa,
    0x0, 0x7f, 0xff, 0xf0, 0x3f, 0xff, 0xf5, 0x0,
    0x9f, 0xff, 0xf0, 0x59, 0x75, 0x30, 0x0, 0x89,
    0x74, 0x20,

    /* U+0042 "B" */
    0x0, 0x0, 0x15, 0x8b, 0xde, 0xff, 0xc5, 0x0,
    0x0, 0x0, 0x7f, 0xff, 0xff, 0xff, 0xff, 0x90,
    0x0, 0x0, 0x9f, 0xff, 0xff, 0xff, 0xff, 0xf2,
    0x0, 0x0, 0xcf, 0xff, 0xff, 0xff, 0xff, 0xf4,
    0x0, 0x0, 0xef, 0xff, 0x72, 0x7f, 0xff, 0xf4,
    0x0, 0x1, 0xff, 0xff, 0x30, 0xc, 0xff, 0xf1,
    0x0, 0x3, 0xff, 0xff, 0x1, 0x8f, 0xff, 0xb0,
    0x0, 0x6, 0xff, 0xff, 0xbf, 0xff, 0xff, 0x20,
    0x0, 0x8, 0xff, 0xff, 0xff, 0xff, 0xe3, 0x0,
    0x0, 0xa, 0xff, 0xff, 0xff, 0xfc, 0x20, 0x0,
    0x0, 0xd, 0xff, 0xfe, 0xff, 0xff, 0x60, 0x0,
    0x0, 0xf, 0xff, 0xf2, 0x6, 0xff, 0xf2, 0x0,
    0x0, 0x3f, 0xff, 0xf0, 0x0, 0xaf, 0xf7, 0x0,
    0x0, 0x6f, 0xff, 0xc0, 0x0, 0xcf, 0xf9, 0x0,
    0x0, 0x9f, 0xff, 0x90, 0x1b, 0xff, 0xf8, 0x0,
    0x0, 0xcf, 0xff, 0xdc, 0xff, 0xff, 0xf5, 0x0,
    0x0, 0xff, 0xff, 0xff, 0xff, 0xff, 0xd0, 0x0,
    0x3, 0xff, 0xff, 0xff, 0xff, 0xfe, 0x20, 0x0,
    0x7, 0xff, 0xff, 0xff, 0xff, 0xc2, 0x0, 0x0,
    0xb, 0xff, 0xff, 0xff, 0xd6, 0x0, 0x0, 0x0,
    0xd, 0xff, 0xeb, 0x83, 0x0, 0x0, 0x0, 0x0,

    /* U+0043 "C" */
    0x0, 0x0, 0x0, 0x18, 0xdf, 0xe8, 0x0, 0x0,
    0x0, 0x4, 0xff, 0xff, 0xff, 0x80, 0x0, 0x0,
    0x6f, 0xff, 0xff, 0xff, 0xf1, 0x0, 0x4, 0xff,
    0xff, 0xff, 0xff, 0xf3, 0x0, 0x1e, 0xff, 0xff,
    0xff, 0xff, 0xf3, 0x0, 0x9f, 0xff, 0xfd, 0x28,
    0x84, 0x0, 0x2, 0xff, 0xff, 0xf3, 0x0, 0x0,
    0x0, 0x8, 0xff, 0xff, 0xa0, 0x0, 0x0, 0x0,
    0xe, 0xff, 0xff, 0x20, 0x0, 0x0, 0x0, 0x3f,
    0xff, 0xfb, 0x0, 0x0, 0x0, 0x0, 0x6f, 0xff,
    0xf5, 0x0, 0x0, 0x0, 0x0, 0xaf, 0xff, 0xf1,
    0x0, 0x0, 0x0, 0x0, 0xcf, 0xff, 0xc0, 0x0,
    0x0, 0x0, 0x0, 0xdf, 0xff, 0x90, 0x2, 0x30,
    0x0, 0x0, 0xef, 0xff, 0x70, 0xb, 0xfd, 0x60,
    0x0, 0xdf, 0xff, 0x90, 0x8f, 0xff, 0x90, 0x0,
    0xcf, 0xff, 0xfe, 0xff, 0xff, 0x20, 0x0, 0x8f,
    0xff, 0xff, 0xff, 0xf7, 0x0, 0x0, 0x3f, 0xff,
    0xff, 0xff, 0xa0, 0x0, 0x0, 0xa, 0xff, 0xff,
    0xf9, 0x0, 0x0, 0x0, 0x0, 0x8e, 0xfb, 0x40,
    0x0, 0x0, 0x0,

    /* U+0044 "D" */
    0x0, 0x1, 0x8a, 0xde, 0xfe, 0xc5, 0x0, 0x0,
    0x0, 0x6f, 0xff, 0xff, 0xff, 0xf9, 0x0, 0x0,
    0x8, 0xff, 0xff, 0xff, 0xff, 0xf5, 0x0, 0x0,
    0xaf, 0xff, 0xff, 0xff, 0xff, 0xc0, 0x0, 0xd,
    0xff, 0xf9, 0x2b, 0xff, 0xff, 0x10, 0x0, 0xff,
    0xff, 0x50, 0x1f, 0xff, 0xf2, 0x0, 0x3f, 0xff,
    0xf2, 0x0, 0xff, 0xff, 0x30, 0x6, 0xff, 0xff,
    0x0, 0x1f, 0xff, 0xf2, 0x0, 0x9f, 0xff, 0xc0,
    0x4, 0xff, 0xff, 0x0, 0xc, 0xff, 0xf8, 0x0,
    0x8f, 0xff, 0xc0, 0x0, 0xef, 0xff, 0x50, 0xd,
    0xff, 0xf8, 0x0, 0x1f, 0xff, 0xf1, 0x3, 0xff,
    0xff, 0x20, 0x4, 0xff, 0xfe, 0x0, 0x9f, 0xff,
    0xb0, 0x0, 0x7f, 0xff, 0xb0, 0x1f, 0xff, 0xf4,
    0x0, 0xa, 0xff, 0xf8, 0x9, 0xff, 0xfb, 0x0,
    0x0, 0xdf, 0xff, 0x53, 0xff, 0xfe, 0x10, 0x0,
    0xf, 0xff, 0xf4, 0xef, 0xff, 0x40, 0x0, 0x3,
    0xff, 0xff, 0xef, 0xff, 0x50, 0x0, 0x0, 0x7f,
    0xff, 0xff, 0xfe, 0x40, 0x0, 0x0, 0xa, 0xff,
    0xff, 0xfb, 0x10, 0x0, 0x0, 0x0, 0xcf, 0xfd,
    0x93, 0x0, 0x0, 0x0, 0x0, 0x0,

    /* U+0045 "E" */
    0x0, 0x0, 0x0, 0x0, 0x23, 0x56, 0x50, 0x0,
    0x2c, 0xef, 0xff, 0xff, 0xf7, 0x0, 0x5, 0xff,
    0xff, 0xff, 0xff, 0x30, 0x0, 0x8f, 0xff, 0xff,
    0xff, 0xf0, 0x0, 0xb, 0xff, 0xfa, 0x0, 0x0,
    0x0, 0x0, 0xef, 0xff, 0x70, 0x0, 0x0, 0x0,
    0x1f, 0xff, 0xf4, 0x0, 0x0, 0x0, 0x3, 0xff,
    0xff, 0x10, 0x0, 0x0, 0x0, 0x6f, 0xff, 0xe1,
    0x11, 0x0, 0x0, 0x9, 0xff, 0xff, 0xff, 0xf8,
    0x0, 0x0, 0xcf, 0xff, 0xff, 0xff, 0x60, 0x0,
    0xf, 0xff, 0xff, 0xff, 0xf4, 0x0, 0x2, 0xff,
    0xff, 0x50, 0x0, 0x0, 0x0, 0x5f, 0xff, 0xf2,
    0x0, 0x0, 0x0, 0x8, 0xff, 0xff, 0x0, 0x0,
    0x0, 0x0, 0xbf, 0xff, 0xc0, 0x0, 0x0, 0x0,
    0xe, 0xff, 0xf9, 0x0, 0x12, 0x0, 0x1, 0xff,
    0xff, 0xdc, 0xff, 0x70, 0x0, 0x4f, 0xff, 0xff,
    0xff, 0xf6, 0x0, 0x6, 0xff, 0xff, 0xff, 0xff,
    0x40, 0x0, 0x9f, 0xfe, 0xb9, 0x64, 0x10, 0x0,
    0x4, 0x30, 0x0, 0x0, 0x0, 0x0, 0x0,

    /* U+0046 "F" */
    0x0, 0x4, 0xff, 0xff, 0xff, 0xff, 0xf0, 0x0,
    0x7, 0xff, 0xff, 0xff, 0xff, 0xc0, 0x0, 0x9,
    0xff, 0xff, 0xff, 0xff, 0x80, 0x0, 0xb, 0xff,
    0xfe, 0x44, 0x44, 0x10, 0x0, 0xe, 0xff, 0xfb,
    0x0, 0x0, 0x0, 0x0, 0xf, 0xff, 0xf8, 0x0,
    0x0, 0x0, 0x0, 0x3f, 0xff, 0xf5, 0x0, 0x0,
    0x0, 0x0, 0x5f, 0xff, 0xf2, 0x0, 0x0, 0x0,
    0x0, 0x8f, 0xff, 0xff, 0xff, 0xf0, 0x0, 0x0,
    0xaf, 0xff, 0xff, 0xff, 0xe0, 0x0, 0x0, 0xdf,
    0xff, 0xff, 0xff, 0xb0, 0x0, 0x0, 0xff, 0xff,
    0x80, 0x0, 0x0, 0x0, 0x3, 0xff, 0xff, 0x60,
    0x0, 0x0, 0x0, 0x6, 0xff, 0xff, 0x30, 0x0,
    0x0, 0x0, 0x9, 0xff, 0xff, 0x10, 0x0, 0x0,
    0x0, 0xc, 0xff, 0xfe, 0x0, 0x0, 0x0, 0x0,
    0xf, 0xff, 0xfc, 0x0, 0x0, 0x0, 0x0, 0x2f,
    0xff, 0xf9, 0x0, 0x0, 0x0, 0x0, 0x6f, 0xff,
    0xf7, 0x0, 0x0, 0x0, 0x0, 0x9f, 0xfd, 0x92,
    0x0, 0x0, 0x0, 0x0, 0x53, 0x0, 0x0, 0x0,
    0x0, 0x0, 0x0,

    /* U+0047 "G" */
    0x0, 0x0, 0x0, 0x3, 0x9d, 0xfe, 0x91, 0x0,
    0x0, 0x0, 0x1a, 0xff, 0xff, 0xff, 0xd0, 0x0,
    0x0, 0x2e, 0xff, 0xff, 0xff, 0xff, 0x60, 0x0,
    0x2e, 0xff, 0xfe, 0xaf, 0xff, 0xfb, 0x0, 0xc,
    0xff, 0xfe, 0x10, 0x5f, 0xff, 0xd0, 0x7, 0xff,
    0xff, 0x30, 0x0, 0x96, 0x30, 0x1, 0xff, 0xff,
    0xa0, 0x0, 0x0, 0x0, 0x0, 0x7f, 0xff, 0xf3,
    0x0, 0x0, 0x0, 0x0, 0xe, 0xff, 0xfd, 0x0,
    0x0, 0x0, 0x0, 0x3, 0xff, 0xff, 0x80, 0x0,
    0x0, 0x0, 0x0, 0x7f, 0xff, 0xf3, 0x0, 0x0,
    0x1, 0x36, 0x19, 0xff, 0xff, 0x0, 0x6a, 0xce,
    0xff, 0xf1, 0xbf, 0xff, 0xc0, 0xe, 0xff, 0xff,
    0xff, 0xc, 0xff, 0xfa, 0x1, 0xff, 0xff, 0xff,
    0xc0, 0xdf, 0xff, 0x80, 0x3, 0x5, 0xff, 0xf7,
    0xc, 0xff, 0xf9, 0x0, 0x0, 0xaf, 0xff, 0x20,
    0xbf, 0xff, 0xd0, 0x0, 0x5f, 0xff, 0xa0, 0x8,
    0xff, 0xff, 0xa5, 0x9f, 0xff, 0xf2, 0x0, 0x3f,
    0xff, 0xff, 0xff, 0xff, 0xf5, 0x0, 0x0, 0xbf,
    0xff, 0xff, 0xff, 0xf7, 0x0, 0x0, 0x2, 0xef,
    0xff, 0xff, 0xe5, 0x0, 0x0, 0x0, 0x1, 0x9e,
    0xfd, 0x71, 0x0, 0x0, 0x0,

    /* U+0048 "H" */
    0x0, 0x4, 0xff, 0xff, 0x30, 0x2b, 0xdf, 0xf2,
    0x0, 0x6, 0xff, 0xff, 0x0, 0x7f, 0xff, 0xe0,
    0x0, 0x9, 0xff, 0xfc, 0x0, 0xaf, 0xff, 0x90,
    0x0, 0xb, 0xff, 0xf8, 0x0, 0xdf, 0xff, 0x60,
    0x0, 0xe, 0xff, 0xf5, 0x0, 0xff, 0xff, 0x20,
    0x0, 0x1f, 0xff, 0xf1, 0x3, 0xff, 0xff, 0x0,
    0x0, 0x3f, 0xff, 0xe0, 0x6, 0xff, 0xfb, 0x0,
    0x0, 0x6f, 0xff, 0xb0, 0x9, 0xff, 0xf8, 0x0,
    0x0, 0x9f, 0xff, 0xed, 0xff, 0xff, 0xf5, 0x0,
    0x0, 0xbf, 0xff, 0xff, 0xff, 0xff, 0xf2, 0x0,
    0x0, 0xef, 0xff, 0xff, 0xff, 0xff, 0xf0, 0x0,
    0x0, 0xff, 0xff, 0x97, 0x8f, 0xff, 0xd0, 0x0,
    0x3, 0xff, 0xff, 0x0, 0x5f, 0xff, 0xa0, 0x0,
    0x6, 0xff, 0xfc, 0x0, 0x8f, 0xff, 0x70, 0x0,
    0x9, 0xff, 0xf9, 0x0, 0xbf, 0xff, 0x50, 0x0,
    0xc, 0xff, 0xf6, 0x0, 0xef, 0xff, 0x20, 0x0,
    0xf, 0xff, 0xf3, 0x2, 0xff, 0xff, 0x0, 0x0,
    0x2f, 0xff, 0xf0, 0x5, 0xff, 0xfd, 0x0, 0x0,
    0x5f, 0xff, 0xd0, 0x8, 0xff, 0xfb, 0x0, 0x0,
    0x8f, 0xff, 0xa0, 0xb, 0xfd, 0xb5, 0x0, 0x0,
    0x89, 0x52, 0x0, 0x0, 0x0, 0x0, 0x0, 0x0,

    /* U+0049 "I" */
    0x0, 0x0, 0x0, 0x0, 0x0, 0x0, 0x0, 0x18,
    0xbe, 0xf1, 0x0, 0x0, 0x4f, 0xff, 0xe0, 0x0,
    0x0, 0x7f, 0xff, 0xb0, 0x0, 0x0, 0xaf, 0xff,
    0x80, 0x0, 0x0, 0xdf, 0xff, 0x50, 0x0, 0x0,
    0xff, 0xff, 0x20, 0x0, 0x3, 0xff, 0xff, 0x0,
    0x0, 0x6, 0xff, 0xfc, 0x0, 0x0, 0x9, 0xff,
    0xf8, 0x0, 0x0, 0xc, 0xff, 0xf5, 0x0, 0x0,
    0xf, 0xff, 0xf2, 0x0, 0x0, 0x2f, 0xff, 0xf0,
    0x0, 0x0, 0x6f, 0xff, 0xc0, 0x0, 0x0, 0x9f,
    0xff, 0x90, 0x0, 0x0, 0xcf, 0xff, 0x60, 0x0,
    0x0, 0xff, 0xff, 0x30, 0x0, 0x3, 0xff, 0xff,
    0x10, 0x0, 0x6, 0xff, 0xfe, 0x0, 0x0, 0xa,
    0xff, 0xfb, 0x0, 0x0, 0xe, 0xff, 0xf8, 0x0,
    0x0, 0x6, 0x42, 0x0, 0x0, 0x0,

    /* U+004A "J" */
    0x0, 0x0, 0x0, 0x0, 0x25, 0x8c, 0x10, 0x0,
    0x0, 0x0, 0xdf, 0xff, 0xc0, 0x0, 0x0, 0x0,
    0x1f, 0xff, 0xf8, 0x0, 0x0, 0x0, 0x4, 0xff,
    0xff, 0x40, 0x0, 0x0, 0x0, 0x7f, 0xff, 0xf1,
    0x0, 0x0, 0x0, 0xa, 0xff, 0xfd, 0x0, 0x0,
    0x0, 0x0, 0xdf, 0xff, 0x90, 0x0, 0x0, 0x0,
    0xf, 0xff, 0xf6, 0x0, 0x0, 0x0, 0x3, 0xff,
    0xff, 0x30, 0x0, 0x0, 0x0, 0x6f, 0xff, 0xf0,
    0x0, 0x0, 0x0, 0x9, 0xff, 0xfc, 0x0, 0x0,
    0x0, 0x0, 0xcf, 0xff, 0x80, 0x0, 0x0, 0x0,
    0xe, 0xff, 0xf5, 0x0, 0x0, 0x0, 0x1, 0xff,
    0xff, 0x20, 0x0, 0x0, 0x0, 0x4f, 0xff, 0xf0,
    0x0, 0x0, 0x0, 0x8, 0xff, 0xfb, 0x0, 0x0,
    0x0, 0x94, 0xef, 0xff, 0x70, 0x0, 0x0, 0x7f,
    0xff, 0xff, 0xf2, 0x0, 0x0, 0xd, 0xff, 0xff,
    0xfc, 0x0, 0x0, 0x5, 0xff, 0xff, 0xff, 0x50,
    0x0, 0x0, 0x8f, 0xff, 0xff, 0xa0, 0x0, 0x0,
    0x0, 0x4b, 0xfe, 0x80, 0x0, 0x0, 0x0,

    /* U+004B "K" */
    0x0, 0x0, 0x0, 0x0, 0x0, 0x0, 0x2, 0x36,
    0x50, 0x0, 0x5f, 0xff, 0xf4, 0x1, 0xef, 0xff,
    0xf2, 0x0, 0x7, 0xff, 0xff, 0x10, 0x9f, 0xff,
    0xf6, 0x0, 0x0, 0x8f, 0xff, 0xe0, 0x3f, 0xff,
    0xfa, 0x0, 0x0, 0xa, 0xff, 0xfb, 0xd, 0xff,
    0xfe, 0x10, 0x0, 0x0, 0xdf, 0xff, 0x87, 0xff,
    0xff, 0x40, 0x0, 0x0, 0xf, 0xff, 0xf8, 0xff,
    0xff, 0x90, 0x0, 0x0, 0x1, 0xff, 0xff, 0xef,
    0xff, 0xd0, 0x0, 0x0, 0x0, 0x4f, 0xff, 0xff,
    0xff, 0xf4, 0x0, 0x0, 0x0, 0x7, 0xff, 0xff,
    0xff, 0xf9, 0x0, 0x0, 0x0, 0x0, 0xaf, 0xff,
    0xff, 0xff, 0x70, 0x0, 0x0, 0x0, 0xc, 0xff,
    0xff, 0xff, 0xfb, 0x0, 0x0, 0x0, 0x0, 0xff,
    0xff, 0xff, 0xff, 0xf0, 0x0, 0x0, 0x0, 0x2f,
    0xff, 0xfa, 0xff, 0xff, 0x30, 0x0, 0x0, 0x5,
    0xff, 0xff, 0x2f, 0xff, 0xf8, 0x0, 0x0, 0x0,
    0x8f, 0xff, 0xc0, 0xff, 0xff, 0xd0, 0x0, 0x0,
    0xb, 0xff, 0xf9, 0xd, 0xff, 0xff, 0x20, 0x0,
    0x0, 0xef, 0xff, 0x60, 0xbf, 0xff, 0xf7, 0x0,
    0x0, 0x1f, 0xff, 0xf3, 0x9, 0xff, 0xff, 0xc0,
    0x0, 0x5, 0xff, 0xff, 0x0, 0x7f, 0xff, 0xff,
    0x10, 0x0, 0x8f, 0xff, 0xd0, 0x4, 0xff, 0xff,
    0xf5, 0x0, 0x8, 0xa7, 0x52, 0x0, 0x0, 0x0,
    0x0, 0x0, 0x0,

    /* U+004C "L" */
    0x0, 0x0, 0x0, 0x0, 0x10, 0x0, 0x19, 0xbd,
    0xfa, 0x0, 0x4, 0xff, 0xff, 0x60, 0x0, 0x7f,
    0xff, 0xf3, 0x0, 0xa, 0xff, 0xff, 0x0, 0x0,
    0xdf, 0xff, 0xc0, 0x0, 0x1f, 0xff, 0xf8, 0x0,
    0x4, 0xff, 0xff, 0x50, 0x0, 0x7f, 0xff, 0xf1,
    0x0, 0xa, 0xff, 0xfd, 0x0, 0x0, 0xdf, 0xff,
    0xa0, 0x0, 0xf, 0xff, 0xf7, 0x0, 0x3, 0xff,
    0xff, 0x30, 0x0, 0x5f, 0xff, 0xf0, 0x0, 0x8,
    0xff, 0xfd, 0x0, 0x0, 0xbf, 0xff, 0xa0, 0x0,
    0xd, 0xff, 0xf7, 0x0, 0x0, 0xff, 0xff, 0x73,
    0x30, 0x2f, 0xff, 0xff, 0xff, 0x44, 0xff, 0xff,
    0xff, 0xf5, 0x7f, 0xff, 0xff, 0xff, 0x88, 0xa7,
    0x53, 0x10, 0x0,

    /* U+004D "M" */
    0x0, 0x0, 0x0, 0x0, 0x0, 0x0, 0x0, 0x0,
    0x0, 0x2, 0x10, 0x0, 0x0, 0x0, 0x12, 0x35,
    0x60, 0x0, 0x9b, 0xdf, 0xf2, 0x0, 0x0, 0x0,
    0xef, 0xff, 0xff, 0x0, 0x6f, 0xff, 0xff, 0x0,
    0x0, 0x0, 0x2f, 0xff, 0xff, 0xd0, 0xc, 0xff,
    0xff, 0xd0, 0x0, 0x0, 0x7, 0xff, 0xff, 0xfb,
    0x3, 0xff, 0xff, 0xfb, 0x0, 0x0, 0x0, 0xcf,
    0xff, 0xff, 0x80, 0x9f, 0xff, 0xff, 0x80, 0x0,
    0x0, 0xf, 0xff, 0xff, 0xf6, 0xe, 0xff, 0xff,
    0xf6, 0x0, 0x0, 0x5, 0xff, 0xff, 0xff, 0x45,
    0xff, 0xff, 0xff, 0x40, 0x0, 0x0, 0xaf, 0xff,
    0xff, 0xf1, 0xbf, 0xff, 0xff, 0xf3, 0x0, 0x0,
    0xe, 0xff, 0xff, 0xff, 0x1f, 0xff, 0xff, 0xff,
    0x10, 0x0, 0x3, 0xff, 0xff, 0xff, 0xd6, 0xff,
    0xff, 0xff, 0xf0, 0x0, 0x0, 0x8f, 0xff, 0xcf,
    0xfa, 0xcf, 0xfe, 0xff, 0xfd, 0x0, 0x0, 0xd,
    0xff, 0xf7, 0xff, 0xef, 0xfa, 0xef, 0xff, 0xb0,
    0x0, 0x2, 0xff, 0xff, 0x4f, 0xff, 0xff, 0x5f,
    0xff, 0xfa, 0x0, 0x0, 0x7f, 0xff, 0xd4, 0xff,
    0xff, 0xf3, 0xff, 0xff, 0x80, 0x0, 0xc, 0xff,
    0xf9, 0x5f, 0xff, 0xf9, 0x4f, 0xff, 0xf7, 0x0,
    0x1, 0xff, 0xff, 0x47, 0xff, 0xff, 0x36, 0xff,
    0xff, 0x60, 0x0, 0x6f, 0xff, 0xf0, 0x8f, 0xff,
    0xd0, 0x7f, 0xff, 0xf4, 0x0, 0xb, 0xff, 0xfc,
    0xa, 0xff, 0xf8, 0x9, 0xff, 0xff, 0x30, 0x1,
    0xff, 0xff, 0x70, 0xbf, 0xff, 0x20, 0xbf, 0xff,
    0xf2, 0x0, 0x5f, 0xff, 0xf3, 0xc, 0xff, 0xd0,
    0xc, 0xff, 0xff, 0x0, 0xa, 0xff, 0xfe, 0x0,
    0xef, 0xf8, 0x0, 0xcc, 0x96, 0x30, 0x0,

    /* U+004E "N" */
    0x0, 0x0, 0x0, 0x0, 0x0, 0x0, 0x36, 0x85,
    0x0, 0x4, 0xff, 0xff, 0x50, 0x0, 0xff, 0xf5,
    0x0, 0x6, 0xff, 0xff, 0x80, 0x2, 0xff, 0xf2,
    0x0, 0x8, 0xff, 0xff, 0xb0, 0x5, 0xff, 0xe0,
    0x0, 0xb, 0xff, 0xff, 0xd0, 0x9, 0xff, 0xb0,
    0x0, 0xd, 0xff, 0xff, 0xf0, 0xc, 0xff, 0x80,
    0x0, 0xf, 0xff, 0xff, 0xf2, 0xf, 0xff, 0x50,
    0x0, 0x2f, 0xff, 0xff, 0xf5, 0x2f, 0xff, 0x10,
    0x0, 0x5f, 0xff, 0xff, 0xf8, 0x5f, 0xfe, 0x0,
    0x0, 0x8f, 0xff, 0xff, 0xfa, 0x8f, 0xfb, 0x0,
    0x0, 0xbf, 0xff, 0xef, 0xfd, 0xbf, 0xf8, 0x0,
    0x0, 0xdf, 0xfe, 0xbf, 0xff, 0xff, 0xf5, 0x0,
    0x0, 0xff, 0xfc, 0x9f, 0xff, 0xff, 0xf2, 0x0,
    0x3, 0xff, 0xf9, 0x7f, 0xff, 0xff, 0xf0, 0x0,
    0x6, 0xff, 0xf7, 0x5f, 0xff, 0xff, 0xc0, 0x0,
    0x9, 0xff, 0xf4, 0x3f, 0xff, 0xff, 0x90, 0x0,
    0xc, 0xff, 0xf1, 0x1f, 0xff, 0xff, 0x70, 0x0,
    0xf, 0xff, 0xe0, 0xf, 0xff, 0xff, 0x40, 0x0,
    0x2f, 0xff, 0xb0, 0xe, 0xff, 0xff, 0x20, 0x0,
    0x5f, 0xff, 0x80, 0xd, 0xff, 0xff, 0x0, 0x0,
    0x8f, 0xff, 0x50, 0xb, 0xfc, 0x84, 0x0, 0x0,
    0x99, 0x52, 0x0, 0x2, 0x0, 0x0, 0x0, 0x0,

    /* U+004F "O" */
    0x0, 0x0, 0x0, 0x0, 0x3a, 0xef, 0xd7, 0x0,
    0x0, 0x0, 0x0, 0x9, 0xff, 0xff, 0xff, 0x80,
    0x0, 0x0, 0x0, 0xaf, 0xff, 0xff, 0xff, 0xf1,
    0x0, 0x0, 0xa, 0xff, 0xff, 0xff, 0xff, 0xf6,
    0x0, 0x0, 0x6f, 0xff, 0xff, 0xff, 0xff, 0xf9,
    0x0, 0x2, 0xff, 0xff, 0xff, 0xff, 0xff, 0xfa,
    0x0, 0xb, 0xff, 0xff, 0xb3, 0x1a, 0xff, 0xfa,
    0x0, 0x3f, 0xff, 0xf9, 0x0, 0x4, 0xff, 0xf9,
    0x0, 0xaf, 0xff, 0xd0, 0x0, 0x3, 0xff, 0xf7,
    0x0, 0xff, 0xff, 0x40, 0x0, 0x5, 0xff, 0xf5,
    0x5, 0xff, 0xfd, 0x0, 0x0, 0x8, 0xff, 0xf1,
    0x9, 0xff, 0xf8, 0x0, 0x0, 0xc, 0xff, 0xc0,
    0xd, 0xff, 0xf4, 0x0, 0x0, 0x2f, 0xff, 0x60,
    0xf, 0xff, 0xf1, 0x0, 0x0, 0xaf, 0xfe, 0x0,
    0x1f, 0xff, 0xf1, 0x0, 0x5, 0xff, 0xf8, 0x0,
    0x1f, 0xff, 0xf6, 0x0, 0x5f, 0xff, 0xd0, 0x0,
    0xf, 0xff, 0xff, 0xce, 0xff, 0xff, 0x30, 0x0,
    0xe, 0xff, 0xff, 0xff, 0xff, 0xf6, 0x0, 0x0,
    0x9, 0xff, 0xff, 0xff, 0xff, 0x60, 0x0, 0x0,
    0x1, 0xef, 0xff, 0xff, 0xe3, 0x0, 0x0, 0x0,
    0x0, 0x1a, 0xff, 0xc7, 0x0, 0x0, 0x0, 0x0,

    /* U+0050 "P" */
    0x0, 0x0, 0x4, 0x8c, 0xef, 0xea, 0x20, 0x0,
    0x0, 0x3, 0xff, 0xff, 0xff, 0xfe, 0x10, 0x0,
    0x0, 0x6f, 0xff, 0xff, 0xff, 0xf9, 0x0, 0x0,
    0x8, 0xff, 0xfd, 0xcf, 0xff, 0xe0, 0x0, 0x0,
    0xcf, 0xff, 0x81, 0xff, 0xff, 0x0, 0x0, 0xf,
    0xff, 0xf6, 0xc, 0xff, 0xf1, 0x0, 0x2, 0xff,
    0xff, 0x30, 0xdf, 0xff, 0x0, 0x0, 0x5f, 0xff,
    0xf0, 0x1f, 0xff, 0xc0, 0x0, 0x8, 0xff, 0xfd,
    0x7, 0xff, 0xf7, 0x0, 0x0, 0xbf, 0xff, 0xa2,
    0xff, 0xfe, 0x0, 0x0, 0xe, 0xff, 0xfb, 0xef,
    0xff, 0x40, 0x0, 0x1, 0xff, 0xff, 0xff, 0xff,
    0x70, 0x0, 0x0, 0x4f, 0xff, 0xff, 0xfe, 0x40,
    0x0, 0x0, 0x8, 0xff, 0xfe, 0x64, 0x0, 0x0,
    0x0, 0x0, 0xbf, 0xff, 0xa0, 0x0, 0x0, 0x0,
    0x0, 0xe, 0xff, 0xf7, 0x0, 0x0, 0x0, 0x0,
    0x2, 0xff, 0xff, 0x40, 0x0, 0x0, 0x0, 0x0,
    0x5f, 0xff, 0xf2, 0x0, 0x0, 0x0, 0x0, 0x8,
    0xff, 0xff, 0x0, 0x0, 0x0, 0x0, 0x0, 0xcf,
    0xff, 0xd0, 0x0, 0x0, 0x0, 0x0, 0xd, 0xa7,
    0x40, 0x0, 0x0, 0x0, 0x0, 0x0,

    /* U+0051 "Q" */
    0x0, 0x0, 0x0, 0x0, 0x3a, 0xef, 0xd7, 0x0,
    0x0, 0x0, 0x0, 0x9, 0xff, 0xff, 0xff, 0x80,
    0x0, 0x0, 0x0, 0xaf, 0xff, 0xff, 0xff, 0xf1,
    0x0, 0x0, 0xa, 0xff, 0xff, 0xff, 0xff, 0xf6,
    0x0, 0x0, 0x6f, 0xff, 0xff, 0xff, 0xff, 0xf9,
    0x0, 0x2, 0xff, 0xff, 0xff, 0xff, 0xff, 0xfa,
    0x0, 0xb, 0xff, 0xff, 0xb3, 0x1a, 0xff, 0xfa,
    0x0, 0x3f, 0xff, 0xf9, 0x0, 0x4, 0xff, 0xf9,
    0x0, 0xaf, 0xff, 0xd0, 0x0, 0x4, 0xff, 0xf7,
    0x0, 0xff, 0xff, 0x40, 0x0, 0x5, 0xff, 0xf4,
    0x5, 0xff, 0xfd, 0x0, 0x0, 0x8, 0xff, 0xf1,
    0x9, 0xff, 0xf8, 0x0, 0x0, 0x2d, 0xff, 0xc0,
    0xd, 0xff, 0xf4, 0x0, 0x1b, 0xff, 0xff, 0x60,
    0xf, 0xff, 0xf1, 0x3, 0xef, 0xff, 0xfe, 0x0,
    0x1f, 0xff, 0xf1, 0x6, 0xff, 0xff, 0xf7, 0x0,
    0x1f, 0xff, 0xf6, 0x0, 0xdf, 0xff, 0xfc, 0x0,
    0xf, 0xff, 0xff, 0xcd, 0xff, 0xff, 0xff, 0xa0,
    0xe, 0xff, 0xff, 0xff, 0xff, 0xff, 0xff, 0xf7,
    0x9, 0xff, 0xff, 0xff, 0xff, 0xff, 0xff, 0xf9,
    0x1, 0xef, 0xff, 0xff, 0xe3, 0x5f, 0xff, 0xc0,
    0x0, 0x1a, 0xff, 0xc6, 0x0, 0x9, 0xfe, 0x10,
    0x0, 0x0, 0x0, 0x0, 0x0, 0x0, 0xd4, 0x0,
    0x0, 0x0, 0x0, 0x0, 0x0, 0x0, 0x0, 0x0,

    /* U+0052 "R" */
    0x0, 0x0, 0x37, 0xac, 0xde, 0xff, 0xb2, 0x0,
    0x0, 0x7f, 0xff, 0xff, 0xff, 0xff, 0xd0, 0x0,
    0x9, 0xff, 0xff, 0xff, 0xff, 0xff, 0x30, 0x0,
    0xbf, 0xff, 0xff, 0xff, 0xff, 0xf5, 0x0, 0xe,
    0xff, 0xf7, 0x0, 0x3f, 0xff, 0x30, 0x0, 0xff,
    0xff, 0x40, 0x1, 0xff, 0xf0, 0x0, 0x3f, 0xff,
    0xf1, 0x1, 0xdf, 0xfa, 0x0, 0x6, 0xff, 0xfe,
    0x4, 0xdf, 0xff, 0x20, 0x0, 0x9f, 0xff, 0xdb,
    0xff, 0xff, 0x60, 0x0, 0xb, 0xff, 0xff, 0xff,
    0xff, 0x80, 0x0, 0x0, 0xef, 0xff, 0xff, 0xfe,
    0x50, 0x0, 0x0, 0x1f, 0xff, 0xff, 0xff, 0xc0,
    0x0, 0x0, 0x4, 0xff, 0xfe, 0x8f, 0xff, 0x30,
    0x0, 0x0, 0x7f, 0xff, 0xb4, 0xff, 0xfa, 0x0,
    0x0, 0xa, 0xff, 0xf8, 0xf, 0xff, 0xf1, 0x0,
    0x0, 0xdf, 0xff, 0x50, 0xcf, 0xff, 0x70, 0x0,
    0xf, 0xff, 0xf3, 0x8, 0xff, 0xfe, 0x0, 0x3,
    0xff, 0xff, 0x0, 0x4f, 0xff, 0xf4, 0x0, 0x6f,
    0xff, 0xd0, 0x0, 0xff, 0xff, 0xb0, 0x9, 0xff,
    0xf9, 0x0, 0xb, 0xfc, 0x61, 0x0, 0xa9, 0x51,
    0x0, 0x0, 0x32, 0x0, 0x0, 0x0,

    /* U+0053 "S" */
    0x0, 0x0, 0x0, 0x4, 0xad, 0xfe, 0xa2, 0x0,
    0x0, 0x0, 0x4d, 0xff, 0xff, 0xff, 0xe0, 0x0,
    0x0, 0x8f, 0xff, 0xff, 0xff, 0xff, 0x50, 0x0,
    0x8f, 0xff, 0xff, 0xcf, 0xff, 0xf7, 0x0, 0x3f,
    0xff, 0xfd, 0x20, 0xcf, 0xff, 0x50, 0xb, 0xff,
    0xff, 0x60, 0xa, 0xe9, 0x50, 0x0, 0xef, 0xff,
    0xf8, 0x0, 0x10, 0x0, 0x0, 0xe, 0xff, 0xff,
    0xf5, 0x0, 0x0, 0x0, 0x0, 0x9f, 0xff, 0xff,
    0xfa, 0x10, 0x0, 0x0, 0x1, 0xdf, 0xff, 0xff,
    0xfd, 0x0, 0x0, 0x0, 0x1, 0xcf, 0xff, 0xff,
    0xf9, 0x0, 0x0, 0x0, 0x0, 0xaf, 0xff, 0xff,
    0xf1, 0x0, 0x0, 0x0, 0x0, 0x7f, 0xff, 0xff,
    0x40, 0x0, 0x0, 0x0, 0x0, 0x9f, 0xff, 0xf6,
    0x0, 0x0, 0x50, 0x0, 0x3, 0xff, 0xff, 0x50,
    0x0, 0x2f, 0xa1, 0x0, 0x7f, 0xff, 0xf3, 0x0,
    0xa, 0xff, 0xfb, 0xcf, 0xff, 0xfe, 0x0, 0x2,
    0xff, 0xff, 0xff, 0xff, 0xff, 0x60, 0x0, 0x6f,
    0xff, 0xff, 0xff, 0xff, 0x90, 0x0, 0x0, 0x9f,
    0xff, 0xff, 0xff, 0x70, 0x0, 0x0, 0x0, 0x5c,
    0xfe, 0xc8, 0x20, 0x0, 0x0, 0x0,

    /* U+0054 "T" */
    0x0, 0x0, 0x0, 0x11, 0x24, 0x52, 0xf, 0xff,
    0xff, 0xff, 0xff, 0xf2, 0x1f, 0xff, 0xff, 0xff,
    0xff, 0xf0, 0x1f, 0xff, 0xff, 0xff, 0xff, 0xc0,
    0xb, 0xce, 0xff, 0xff, 0xfd, 0x60, 0x0, 0x9,
    0xff, 0xff, 0x0, 0x0, 0x0, 0xc, 0xff, 0xfc,
    0x0, 0x0, 0x0, 0xe, 0xff, 0xf9, 0x0, 0x0,
    0x0, 0x1f, 0xff, 0xf6, 0x0, 0x0, 0x0, 0x3f,
    0xff, 0xf3, 0x0, 0x0, 0x0, 0x6f, 0xff, 0xf1,
    0x0, 0x0, 0x0, 0x9f, 0xff, 0xe0, 0x0, 0x0,
    0x0, 0xcf, 0xff, 0xc0, 0x0, 0x0, 0x0, 0xef,
    0xff, 0x90, 0x0, 0x0, 0x1, 0xff, 0xff, 0x70,
    0x0, 0x0, 0x4, 0xff, 0xff, 0x40, 0x0, 0x0,
    0x8, 0xff, 0xff, 0x20, 0x0, 0x0, 0xb, 0xff,
    0xff, 0x0, 0x0, 0x0, 0xe, 0xff, 0xfd, 0x0,
    0x0, 0x0, 0x1f, 0xff, 0xfb, 0x0, 0x0, 0x0,
    0x4f, 0xff, 0xc6, 0x0, 0x0, 0x0, 0x24, 0x20,
    0x0, 0x0, 0x0, 0x0,

    /* U+0055 "U" */
    0x0, 0x0, 0x0, 0x1, 0x0, 0x0, 0x0, 0x0,
    0x0, 0x4d, 0xef, 0xf3, 0xc, 0xff, 0xf7, 0x0,
    0x8, 0xff, 0xff, 0x0, 0xff, 0xff, 0x40, 0x0,
    0xbf, 0xff, 0xc0, 0x2f, 0xff, 0xf1, 0x0, 0xe,
    0xff, 0xf9, 0x5, 0xff, 0xfe, 0x0, 0x1, 0xff,
    0xff, 0x50, 0x8f, 0xff, 0xb0, 0x0, 0x4f, 0xff,
    0xf2, 0xb, 0xff, 0xf8, 0x0, 0x7, 0xff, 0xff,
    0x0, 0xef, 0xff, 0x50, 0x0, 0xaf, 0xff, 0xc0,
    0x1f, 0xff, 0xf2, 0x0, 0xd, 0xff, 0xf8, 0x4,
    0xff, 0xff, 0x0, 0x0, 0xff, 0xff, 0x50, 0x7f,
    0xff, 0xc0, 0x0, 0x2f, 0xff, 0xf2, 0xa, 0xff,
    0xf9, 0x0, 0x5, 0xff, 0xfe, 0x0, 0xdf, 0xff,
    0x60, 0x0, 0x7f, 0xff, 0xb0, 0xf, 0xff, 0xf2,
    0x0, 0xa, 0xff, 0xf8, 0x3, 0xff, 0xff, 0x0,
    0x0, 0xcf, 0xff, 0x50, 0x7f, 0xff, 0xc0, 0x0,
    0xe, 0xff, 0xf3, 0xb, 0xff, 0xf7, 0x0, 0x0,
    0xff, 0xff, 0x64, 0xff, 0xff, 0x10, 0x0, 0x1f,
    0xff, 0xff, 0xff, 0xff, 0xa0, 0x0, 0x0, 0xff,
    0xff, 0xff, 0xff, 0xd1, 0x0, 0x0, 0x7, 0xff,
    0xff, 0xff, 0xc1, 0x0, 0x0, 0x0, 0x6, 0xdf,
    0xeb, 0x50, 0x0, 0x0, 0x0,

    /* U+0056 "V" */
    0x0, 0x0, 0x1, 0x10, 0x0, 0x0, 0x10, 0xf,
    0xff, 0xf5, 0x8, 0xff, 0xfc, 0x0, 0xff, 0xff,
    0x40, 0xcf, 0xff, 0x70, 0xf, 0xff, 0xf2, 0xf,
    0xff, 0xf3, 0x0, 0xff, 0xff, 0x12, 0xff, 0xfe,
    0x0, 0x1f, 0xff, 0xf0, 0x5f, 0xff, 0xa0, 0x2,
    0xff, 0xfd, 0x9, 0xff, 0xf6, 0x0, 0x3f, 0xff,
    0xc0, 0xcf, 0xff, 0x20, 0x4, 0xff, 0xfa, 0xf,
    0xff, 0xe0, 0x0, 0x5f, 0xff, 0x92, 0xff, 0xfa,
    0x0, 0x6, 0xff, 0xf7, 0x6f, 0xff, 0x60, 0x0,
    0x7f, 0xff, 0x69, 0xff, 0xf2, 0x0, 0x8, 0xff,
    0xf4, 0xcf, 0xfe, 0x0, 0x0, 0xaf, 0xff, 0x3f,
    0xff, 0xa0, 0x0, 0xb, 0xff, 0xf4, 0xff, 0xf6,
    0x0, 0x0, 0xcf, 0xff, 0x6f, 0xff, 0x20, 0x0,
    0xd, 0xff, 0xfc, 0xff, 0xe0, 0x0, 0x0, 0xff,
    0xff, 0xff, 0xfb, 0x0, 0x0, 0xf, 0xff, 0xff,
    0xff, 0x70, 0x0, 0x1, 0xff, 0xff, 0xff, 0xf3,
    0x0, 0x0, 0x3f, 0xff, 0xff, 0xff, 0x0, 0x0,
    0x4, 0xec, 0xa7, 0x52, 0x0, 0x0, 0x0, 0x0,
    0x0, 0x0, 0x0, 0x0, 0x0, 0x0,

    /* U+0057 "W" */
    0x0, 0x0, 0x0, 0x0, 0x0, 0x0, 0x0, 0x0,
    0x2, 0x41, 0x0, 0xae, 0xef, 0xf0, 0x2e, 0xef,
    0x10, 0xad, 0xff, 0xf0, 0x0, 0xdf, 0xff, 0xd0,
    0x7f, 0xff, 0x1, 0xff, 0xff, 0xa0, 0x0, 0xff,
    0xff, 0xa0, 0xbf, 0xfe, 0x4, 0xff, 0xff, 0x50,
    0x1, 0xff, 0xff, 0x80, 0xff, 0xfc, 0x8, 0xff,
    0xff, 0x10, 0x2, 0xff, 0xff, 0x54, 0xff, 0xfb,
    0xb, 0xff, 0xfc, 0x0, 0x4, 0xff, 0xff, 0x38,
    0xff, 0xf9, 0xf, 0xff, 0xf8, 0x0, 0x6, 0xff,
    0xff, 0x1c, 0xff, 0xf8, 0x2f, 0xff, 0xf4, 0x0,
    0x7, 0xff, 0xfe, 0x1f, 0xff, 0xf7, 0x6f, 0xff,
    0xf0, 0x0, 0x9, 0xff, 0xfb, 0x5f, 0xff, 0xf5,
    0x9f, 0xff, 0xb0, 0x0, 0xb, 0xff, 0xf9, 0xaf,
    0x9f, 0xf4, 0xdf, 0xff, 0x70, 0x0, 0xd, 0xff,
    0xf6, 0xef, 0x6f, 0xf4, 0xff, 0xff, 0x30, 0x0,
    0xe, 0xff, 0xf7, 0xff, 0x4f, 0xf6, 0xff, 0xff,
    0x0, 0x0, 0xf, 0xff, 0xfc, 0xfc, 0x4f, 0xfb,
    0xff, 0xfb, 0x0, 0x0, 0x2f, 0xff, 0xff, 0xf8,
    0x6f, 0xff, 0xff, 0xf7, 0x0, 0x0, 0x3f, 0xff,
    0xff, 0xf4, 0x8f, 0xff, 0xff, 0xf4, 0x0, 0x0,
    0x5f, 0xff, 0xff, 0xf0, 0xaf, 0xff, 0xff, 0xf0,
    0x0, 0x0, 0x7f, 0xff, 0xff, 0xb0, 0xbf, 0xff,
    0xff, 0xc0, 0x0, 0x0, 0x8f, 0xff, 0xff, 0x70,
    0xdf, 0xff, 0xff, 0x90, 0x0, 0x0, 0xaf, 0xff,
    0xff, 0x30, 0xff, 0xff, 0xff, 0x50, 0x0, 0x0,
    0xcf, 0xfd, 0xa7, 0x1, 0xff, 0xeb, 0x85, 0x0,
    0x0, 0x0, 0x43, 0x0, 0x0, 0x0, 0x30, 0x0,
    0x0, 0x0, 0x0, 0x0,

    /* U+0058 "X" */
    0x0, 0x0, 0x0, 0x1, 0x84, 0x0, 0x54, 0x0,
    0x0, 0x0, 0x0, 0x4a, 0xff, 0x70, 0xe, 0xff,
    0xc4, 0x0, 0x0, 0x1f, 0xff, 0xf9, 0x6, 0xff,
    0xff, 0x10, 0x0, 0x0, 0xef, 0xff, 0xa0, 0xdf,
    0xff, 0x70, 0x0, 0x0, 0xa, 0xff, 0xfc, 0x5f,
    0xff, 0xe0, 0x0, 0x0, 0x0, 0x7f, 0xff, 0xec,
    0xff, 0xf6, 0x0, 0x0, 0x0, 0x4, 0xff, 0xff,
    0xff, 0xfd, 0x0, 0x0, 0x0, 0x0, 0x1f, 0xff,
    0xff, 0xff, 0x60, 0x0, 0x0, 0x0, 0x0, 0xef,
    0xff, 0xff, 0xe0, 0x0, 0x0, 0x0, 0x0, 0xc,
    0xff, 0xff, 0xf7, 0x0, 0x0, 0x0, 0x0, 0x0,
    0xbf, 0xff, 0xff, 0x0, 0x0, 0x0, 0x0, 0x0,
    0x1f, 0xff, 0xff, 0xf1, 0x0, 0x0, 0x0, 0x0,
    0x9, 0xff, 0xff, 0xff, 0x40, 0x0, 0x0, 0x0,
    0x1, 0xff, 0xff, 0xff, 0xf7, 0x0, 0x0, 0x0,
    0x0, 0x9f, 0xff, 0xff, 0xff, 0xa0, 0x0, 0x0,
    0x0, 0x1f, 0xff, 0xff, 0xff, 0xfe, 0x0, 0x0,
    0x0, 0xa, 0xff, 0xfd, 0xcf, 0xff, 0xf2, 0x0,
    0x0, 0x3, 0xff, 0xff, 0x6a, 0xff, 0xff, 0x60,
    0x0, 0x0, 0xcf, 0xff, 0xe0, 0x9f, 0xff, 0xfa,
    0x0, 0x0, 0x5f, 0xff, 0xf8, 0x8, 0xff, 0xff,
    0xb0, 0x0, 0xa, 0xef, 0xff, 0x10, 0x7e, 0xa6,
    0x10, 0x0, 0x0, 0x0, 0x1, 0x10, 0x1, 0x0,
    0x0, 0x0, 0x0,

    /* U+0059 "Y" */
    0x0, 0x0, 0x0, 0x0, 0x0, 0x0, 0x0, 0x0,
    0x5b, 0x50, 0x9, 0x73, 0x0, 0x18, 0xef, 0xf5,
    0x1, 0xff, 0xff, 0x52, 0xff, 0xff, 0x50, 0x7f,
    0xff, 0xf1, 0x1f, 0xff, 0xf5, 0xc, 0xff, 0xf8,
    0x0, 0xff, 0xff, 0x52, 0xff, 0xff, 0x10, 0xf,
    0xff, 0xf5, 0x7f, 0xff, 0x90, 0x0, 0xef, 0xff,
    0x5d, 0xff, 0xf1, 0x0, 0xd, 0xff, 0xf8, 0xff,
    0xfa, 0x0, 0x0, 0xcf, 0xff, 0xef, 0xff, 0x20,
    0x0, 0xb, 0xff, 0xff, 0xff, 0xb0, 0x0, 0x0,
    0xaf, 0xff, 0xff, 0xf3, 0x0, 0x0, 0xa, 0xff,
    0xff, 0xfc, 0x0, 0x0, 0x0, 0x9f, 0xff, 0xff,
    0x40, 0x0, 0x0, 0x9, 0xff, 0xff, 0xd0, 0x0,
    0x0, 0x0, 0x9f, 0xff, 0xf5, 0x0, 0x0, 0x0,
    0xb, 0xff, 0xff, 0x10, 0x0, 0x0, 0x0, 0xef,
    0xff, 0xd0, 0x0, 0x0, 0x0, 0x2f, 0xff, 0xf9,
    0x0, 0x0, 0x0, 0x6, 0xff, 0xff, 0x50, 0x0,
    0x0, 0x0, 0x9f, 0xff, 0xf1, 0x0, 0x0, 0x0,
    0x6, 0x64, 0x20, 0x0, 0x0, 0x0, 0x0,

    /* U+005A "Z" */
    0x0, 0x9, 0xff, 0xff, 0xff, 0xff, 0xff, 0xc0,
    0x0, 0xbf, 0xff, 0xff, 0xff, 0xff, 0xf9, 0x0,
    0xd, 0xff, 0xff, 0xff, 0xff, 0xff, 0x60, 0x0,
    0xff, 0xff, 0xff, 0xff, 0xff, 0xf3, 0x0, 0xc,
    0xa8, 0x66, 0xff, 0xff, 0xfb, 0x0, 0x0, 0x0,
    0x0, 0xaf, 0xff, 0xfe, 0x10, 0x0, 0x0, 0x0,
    0x6f, 0xff, 0xff, 0x40, 0x0, 0x0, 0x0, 0x2f,
    0xff, 0xff, 0x90, 0x0, 0x0, 0x0, 0xc, 0xff,
    0xff, 0xd0, 0x0, 0x0, 0x0, 0x8, 0xff, 0xff,
    0xf3, 0x0, 0x0, 0x0, 0x3, 0xff, 0xff, 0xf7,
    0x0, 0x0, 0x0, 0x0, 0xef, 0xff, 0xfb, 0x0,
    0x0, 0x0, 0x0, 0xaf, 0xff, 0xfe, 0x10, 0x0,
    0x0, 0x0, 0x5f, 0xff, 0xff, 0x50, 0x0, 0x0,
    0x0, 0x2f, 0xff, 0xff, 0xd5, 0x55, 0x68, 0x0,
    0xb, 0xff, 0xff, 0xff, 0xff, 0xff, 0xf1, 0x0,
    0xcf, 0xff, 0xff, 0xff, 0xff, 0xff, 0x10, 0xc,
    0xff, 0xff, 0xff, 0xff, 0xff, 0xf1, 0x0, 0xcf,
    0xff, 0xff, 0xff, 0xff, 0xff, 0x10, 0x7, 0x64,
    0x21, 0x0, 0x0, 0x0, 0x0, 0x0,

    /* U+005B "[" */
    0x0, 0x0, 0x0, 0x0, 0x0, 0x25, 0x50, 0x0,
    0x4, 0xff, 0xff, 0xff, 0xf6, 0x0, 0x0, 0x6f,
    0xff, 0xff, 0xff, 0x30, 0x0, 0x9, 0xff, 0xff,
    0xbb, 0xb0, 0x0, 0x0, 0xcf, 0xff, 0xc0, 0x0,
    0x0, 0x0, 0xf, 0xff, 0xf9, 0x0, 0x0, 0x0,
    0x2, 0xff, 0xff, 0x60, 0x0, 0x0, 0x0, 0x5f,
    0xff, 0xf3, 0x0, 0x0, 0x0, 0x8, 0xff, 0xff,
    0x0, 0x0, 0x0, 0x0, 0xbf, 0xff, 0xd0, 0x0,
    0x0, 0x0, 0xe, 0xff, 0xfb, 0x0, 0x0, 0x0,
    0x1, 0xff, 0xff, 0x80, 0x0, 0x0, 0x0, 0x4f,
    0xff, 0xf5, 0x0, 0x0, 0x0, 0x7, 0xff, 0xff,
    0x20, 0x0, 0x0, 0x0, 0xbf, 0xff, 0xf0, 0x0,
    0x0, 0x0, 0xe, 0xff, 0xfc, 0x0, 0x0, 0x0,
    0x1, 0xff, 0xff, 0xa0, 0x0, 0x0, 0x0, 0x5f,
    0xff, 0xf7, 0x0, 0x0, 0x0, 0x8, 0xff, 0xff,
    0x50, 0x10, 0x0, 0x0, 0xbf, 0xff, 0xfd, 0xdc,
    0x0, 0x0, 0xe, 0xff, 0xff, 0xff, 0x90, 0x0,
    0x2, 0xff, 0xff, 0xff, 0xe4, 0x0, 0x0, 0x38,
    0x75, 0x32, 0x0, 0x0, 0x0, 0x0,

    /* U+005C "\\" */
    0x0, 0x2, 0x60, 0x0, 0x0, 0x3, 0xcf, 0xff,
    0x40, 0x0, 0x0, 0x2f, 0xff, 0xf8, 0x0, 0x0,
    0x0, 0xdf, 0xff, 0xc0, 0x0, 0x0, 0x9, 0xff,
    0xff, 0x10, 0x0, 0x0, 0x5f, 0xff, 0xf5, 0x0,
    0x0, 0x1, 0xff, 0xff, 0x90, 0x0, 0x0, 0xc,
    0xff, 0xfe, 0x0, 0x0, 0x0, 0x8f, 0xff, 0xf2,
    0x0, 0x0, 0x4, 0xff, 0xff, 0x60, 0x0, 0x0,
    0xf, 0xff, 0xfa, 0x0, 0x0, 0x0, 0xbf, 0xff,
    0xe0, 0x0, 0x0, 0x7, 0xff, 0xff, 0x30, 0x0,
    0x0, 0x3f, 0xff, 0xf7, 0x0, 0x0, 0x0, 0xef,
    0xff, 0xb0, 0x0, 0x0, 0xa, 0xff, 0xff, 0x0,
    0x0, 0x0, 0x6f, 0xff, 0xf4, 0x0, 0x0, 0x1,
    0xff, 0xff, 0x80, 0x0, 0x0, 0xd, 0xff, 0xfc,
    0x0, 0x0, 0x0, 0x9f, 0xff, 0xf1, 0x0, 0x0,
    0x5, 0xff, 0xff, 0x60, 0x0, 0x0, 0x1d, 0xa7,
    0x51,

    /* U+005D "]" */
    0x0, 0x0, 0x0, 0x2, 0x46, 0x8b, 0x10, 0x0,
    0xc, 0xef, 0xff, 0xff, 0xe0, 0x0, 0x0, 0xff,
    0xff, 0xff, 0xfb, 0x0, 0x0, 0x1f, 0xff, 0xff,
    0xff, 0x80, 0x0, 0x1, 0x86, 0x5f, 0xff, 0xf4,
    0x0, 0x0, 0x0, 0x3, 0xff, 0xff, 0x10, 0x0,
    0x0, 0x0, 0x6f, 0xff, 0xe0, 0x0, 0x0, 0x0,
    0x8, 0xff, 0xfb, 0x0, 0x0, 0x0, 0x0, 0xbf,
    0xff, 0x70, 0x0, 0x0, 0x0, 0xe, 0xff, 0xf4,
    0x0, 0x0, 0x0, 0x1, 0xff, 0xff, 0x10, 0x0,
    0x0, 0x0, 0x4f, 0xff, 0xe0, 0x0, 0x0, 0x0,
    0x6, 0xff, 0xfb, 0x0, 0x0, 0x0, 0x0, 0x9f,
    0xff, 0x80, 0x0, 0x0, 0x0, 0xc, 0xff, 0xf5,
    0x0, 0x0, 0x0, 0x0, 0xff, 0xff, 0x20, 0x0,
    0x0, 0x0, 0x1f, 0xff, 0xf0, 0x0, 0x0, 0x0,
    0x4, 0xff, 0xfd, 0x0, 0x0, 0x0, 0x0, 0x8f,
    0xff, 0xa0, 0x0, 0x1, 0xad, 0xff, 0xff, 0xf7,
    0x0, 0x0, 0x4f, 0xff, 0xff, 0xff, 0x50, 0x0,
    0x6, 0xff, 0xff, 0xff, 0xe2, 0x0, 0x0, 0x6b,
    0x97, 0x52, 0x0, 0x0, 0x0, 0x0,

    /* U+005E "^" */
    0x0, 0x3, 0xdd, 0xdd, 0x80, 0x0, 0xb, 0xff,
    0xff, 0x90, 0x0, 0x2f, 0xff, 0xff, 0x90, 0x0,
    0x9f, 0xff, 0xff, 0xa0, 0x1, 0xff, 0xfd, 0xff,
    0xb0, 0x8, 0xff, 0xf8, 0xff, 0xe0, 0x1f, 0xff,
    0xc7, 0xff, 0xf2, 0x9f, 0xff, 0x77, 0xff, 0xf6,
    0x0, 0x0, 0x0, 0x0, 0x0,

    /* U+005F "_" */
    0x2, 0x22, 0x22, 0x22, 0x22, 0x22, 0x20, 0xff,
    0xff, 0xff, 0xff, 0xff, 0xfb, 0x1f, 0xff, 0xff,
    0xff, 0xff, 0xff, 0x85, 0xff, 0xff, 0xff, 0xff,
    0xff, 0xf5,

    /* U+0060 "`" */
    0x1, 0x0, 0x0, 0x0, 0x7, 0x80, 0x0, 0x0,
    0xa, 0xf7, 0x0, 0x0, 0xd, 0xff, 0x60, 0x0,
    0xf, 0xff, 0xf5, 0x0, 0x3f, 0xff, 0xff, 0x40,
    0x6f, 0xff, 0xff, 0xf3, 0x6e, 0xff, 0xff, 0xfa,
    0x0, 0x27, 0xbe, 0xf9, 0x0, 0x0, 0x0, 0x33,

    /* U+0061 "a" */
    0x0, 0x0, 0x0, 0x0, 0x0, 0x0, 0x13, 0x0,
    0x0, 0x0, 0x58, 0x9b, 0xcf, 0xfe, 0x0, 0x0,
    0x0, 0xff, 0xff, 0xff, 0xfd, 0x0, 0x0, 0x4,
    0xff, 0xff, 0xff, 0xfc, 0x0, 0x0, 0x8, 0xff,
    0xfc, 0xff, 0xfb, 0x0, 0x0, 0xd, 0xff, 0xf6,
    0xff, 0xfa, 0x0, 0x0, 0x1f, 0xff, 0xd5, 0xff,
    0xf9, 0x0, 0x0, 0x6f, 0xff, 0x96, 0xff, 0xf8,
    0x0, 0x0, 0xbf, 0xff, 0x58, 0xff, 0xf7, 0x0,
    0x0, 0xff, 0xff, 0x19, 0xff, 0xf7, 0x0, 0x4,
    0xff, 0xfd, 0xb, 0xff, 0xf6, 0x0, 0x9, 0xff,
    0xf9, 0xc, 0xff, 0xf5, 0x0, 0xd, 0xff, 0xf5,
    0xd, 0xff, 0xf4, 0x0, 0x2f, 0xff, 0xf1, 0xf,
    0xff, 0xf4, 0x0, 0x7f, 0xff, 0xfe, 0xef, 0xff,
    0xf3, 0x0, 0xcf, 0xff, 0xff, 0xff, 0xff, 0xf3,
    0x1, 0xff, 0xff, 0xff, 0xff, 0xff, 0xf2, 0x5,
    0xff, 0xff, 0x20, 0x4f, 0xff, 0xf1, 0xa, 0xff,
    0xfe, 0x0, 0x6f, 0xff, 0xf1, 0xe, 0xff, 0xfa,
    0x0, 0x7f, 0xff, 0xf0, 0x3f, 0xff, 0xf5, 0x0,
    0x9f, 0xff, 0xf0, 0x59, 0x75, 0x30, 0x0, 0x89,
    0x74, 0x20,

    /* U+0062 "b" */
    0x0, 0x0, 0x15, 0x8b, 0xde, 0xff, 0xc5, 0x0,
    0x0, 0x0, 0x7f, 0xff, 0xff, 0xff, 0xff, 0x90,
    0x0, 0x0, 0x9f, 0xff, 0xff, 0xff, 0xff, 0xf2,
    0x0, 0x0, 0xcf, 0xff, 0xff, 0xff, 0xff, 0xf4,
    0x0, 0x0, 0xef, 0xff, 0x72, 0x7f, 0xff, 0xf4,
    0x0, 0x1, 0xff, 0xff, 0x30, 0xc, 0xff, 0xf1,
    0x0, 0x3, 0xff, 0xff, 0x1, 0x8f, 0xff, 0xb0,
    0x0, 0x6, 0xff, 0xff, 0xbf, 0xff, 0xff, 0x20,
    0x0, 0x8, 0xff, 0xff, 0xff, 0xff, 0xe3, 0x0,
    0x0, 0xa, 0xff, 0xff, 0xff, 0xfc, 0x20, 0x0,
    0x0, 0xd, 0xff, 0xfe, 0xff, 0xff, 0x60, 0x0,
    0x0, 0xf, 0xff, 0xf2, 0x6, 0xff, 0xf2, 0x0,
    0x0, 0x3f, 0xff, 0xf0, 0x0, 0xaf, 0xf7, 0x0,
    0x0, 0x6f, 0xff, 0xc0, 0x0, 0xcf, 0xf9, 0x0,
    0x0, 0x9f, 0xff, 0x90, 0x1b, 0xff, 0xf8, 0x0,
    0x0, 0xcf, 0xff, 0xdc, 0xff, 0xff, 0xf5, 0x0,
    0x0, 0xff, 0xff, 0xff, 0xff, 0xff, 0xd0, 0x0,
    0x3, 0xff, 0xff, 0xff, 0xff, 0xfe, 0x20, 0x0,
    0x7, 0xff, 0xff, 0xff, 0xff, 0xc2, 0x0, 0x0,
    0xb, 0xff, 0xff, 0xff, 0xd6, 0x0, 0x0, 0x0,
    0xd, 0xff, 0xeb, 0x83, 0x0, 0x0, 0x0, 0x0,

    /* U+0063 "c" */
    0x0, 0x0, 0x0, 0x18, 0xdf, 0xe8, 0x0, 0x0,
    0x0, 0x4, 0xff, 0xff, 0xff, 0x80, 0x0, 0x0,
    0x6f, 0xff, 0xff, 0xff, 0xf1, 0x0, 0x4, 0xff,
    0xff, 0xff, 0xff, 0xf3, 0x0, 0x1e, 0xff, 0xff,
    0xff, 0xff, 0xf3, 0x0, 0x9f, 0xff, 0xfd, 0x28,
    0x84, 0x0, 0x2, 0xff, 0xff, 0xf3, 0x0, 0x0,
    0x0, 0x8, 0xff, 0xff, 0xa0, 0x0, 0x0, 0x0,
    0xe, 0xff, 0xff, 0x20, 0x0, 0x0, 0x0, 0x3f,
    0xff, 0xfb, 0x0, 0x0, 0x0, 0x0, 0x6f, 0xff,
    0xf5, 0x0, 0x0, 0x0, 0x0, 0xaf, 0xff, 0xf1,
    0x0, 0x0, 0x0, 0x0, 0xcf, 0xff, 0xc0, 0x0,
    0x0, 0x0, 0x0, 0xdf, 0xff, 0x90, 0x2, 0x30,
    0x0, 0x0, 0xef, 0xff, 0x70, 0xb, 0xfd, 0x60,
    0x0, 0xdf, 0xff, 0x90, 0x8f, 0xff, 0x90, 0x0,
    0xcf, 0xff, 0xfe, 0xff, 0xff, 0x20, 0x0, 0x8f,
    0xff, 0xff, 0xff, 0xf7, 0x0, 0x0, 0x3f, 0xff,
    0xff, 0xff, 0xa0, 0x0, 0x0, 0xa, 0xff, 0xff,
    0xf9, 0x0, 0x0, 0x0, 0x0, 0x8e, 0xfb, 0x40,
    0x0, 0x0, 0x0,

    /* U+0064 "d" */
    0x0, 0x1, 0x8a, 0xde, 0xfe, 0xc5, 0x0, 0x0,
    0x0, 0x6f, 0xff, 0xff, 0xff, 0xf9, 0x0, 0x0,
    0x8, 0xff, 0xff, 0xff, 0xff, 0xf5, 0x0, 0x0,
    0xaf, 0xff, 0xff, 0xff, 0xff, 0xc0, 0x0, 0xd,
    0xff, 0xf9, 0x2b, 0xff, 0xff, 0x10, 0x0, 0xff,
    0xff, 0x50, 0x1f, 0xff, 0xf2, 0x0, 0x3f, 0xff,
    0xf2, 0x0, 0xff, 0xff, 0x30, 0x6, 0xff, 0xff,
    0x0, 0x1f, 0xff, 0xf2, 0x0, 0x9f, 0xff, 0xc0,
    0x4, 0xff, 0xff, 0x0, 0xc, 0xff, 0xf8, 0x0,
    0x8f, 0xff, 0xc0, 0x0, 0xef, 0xff, 0x50, 0xd,
    0xff, 0xf8, 0x0, 0x1f, 0xff, 0xf1, 0x3, 0xff,
    0xff, 0x20, 0x4, 0xff, 0xfe, 0x0, 0x9f, 0xff,
    0xb0, 0x0, 0x7f, 0xff, 0xb0, 0x1f, 0xff, 0xf4,
    0x0, 0xa, 0xff, 0xf8, 0x9, 0xff, 0xfb, 0x0,
    0x0, 0xdf, 0xff, 0x53, 0xff, 0xfe, 0x10, 0x0,
    0xf, 0xff, 0xf4, 0xef, 0xff, 0x40, 0x0, 0x3,
    0xff, 0xff, 0xef, 0xff, 0x50, 0x0, 0x0, 0x7f,
    0xff, 0xff, 0xfe, 0x40, 0x0, 0x0, 0xa, 0xff,
    0xff, 0xfb, 0x10, 0x0, 0x0, 0x0, 0xcf, 0xfd,
    0x93, 0x0, 0x0, 0x0, 0x0, 0x0,

    /* U+0065 "e" */
    0x0, 0x0, 0x0, 0x0, 0x23, 0x56, 0x50, 0x0,
    0x2c, 0xef, 0xff, 0xff, 0xf7, 0x0, 0x5, 0xff,
    0xff, 0xff, 0xff, 0x30, 0x0, 0x8f, 0xff, 0xff,
    0xff, 0xf0, 0x0, 0xb, 0xff, 0xfa, 0x0, 0x0,
    0x0, 0x0, 0xef, 0xff, 0x70, 0x0, 0x0, 0x0,
    0x1f, 0xff, 0xf4, 0x0, 0x0, 0x0, 0x3, 0xff,
    0xff, 0x10, 0x0, 0x0, 0x0, 0x6f, 0xff, 0xe1,
    0x11, 0x0, 0x0, 0x9, 0xff, 0xff, 0xff, 0xf8,
    0x0, 0x0, 0xcf, 0xff, 0xff, 0xff, 0x60, 0x0,
    0xf, 0xff, 0xff, 0xff, 0xf4, 0x0, 0x2, 0xff,
    0xff, 0x50, 0x0, 0x0, 0x0, 0x5f, 0xff, 0xf2,
    0x0, 0x0, 0x0, 0x8, 0xff, 0xff, 0x0, 0x0,
    0x0, 0x0, 0xbf, 0xff, 0xc0, 0x0, 0x0, 0x0,
    0xe, 0xff, 0xf9, 0x0, 0x12, 0x0, 0x1, 0xff,
    0xff, 0xdc, 0xff, 0x70, 0x0, 0x4f, 0xff, 0xff,
    0xff, 0xf6, 0x0, 0x6, 0xff, 0xff, 0xff, 0xff,
    0x40, 0x0, 0x9f, 0xfe, 0xb9, 0x64, 0x10, 0x0,
    0x4, 0x30, 0x0, 0x0, 0x0, 0x0, 0x0,

    /* U+0066 "f" */
    0x0, 0x4, 0xff, 0xff, 0xff, 0xff, 0xf0, 0x0,
    0x7, 0xff, 0xff, 0xff, 0xff, 0xc0, 0x0, 0x9,
    0xff, 0xff, 0xff, 0xff, 0x80, 0x0, 0xb, 0xff,
    0xfe, 0x44, 0x44, 0x10, 0x0, 0xe, 0xff, 0xfb,
    0x0, 0x0, 0x0, 0x0, 0xf, 0xff, 0xf8, 0x0,
    0x0, 0x0, 0x0, 0x3f, 0xff, 0xf5, 0x0, 0x0,
    0x0, 0x0, 0x5f, 0xff, 0xf2, 0x0, 0x0, 0x0,
    0x0, 0x8f, 0xff, 0xff, 0xff, 0xf0, 0x0, 0x0,
    0xaf, 0xff, 0xff, 0xff, 0xe0, 0x0, 0x0, 0xdf,
    0xff, 0xff, 0xff, 0xb0, 0x0, 0x0, 0xff, 0xff,
    0x80, 0x0, 0x0, 0x0, 0x3, 0xff, 0xff, 0x60,
    0x0, 0x0, 0x0, 0x6, 0xff, 0xff, 0x30, 0x0,
    0x0, 0x0, 0x9, 0xff, 0xff, 0x10, 0x0, 0x0,
    0x0, 0xc, 0xff, 0xfe, 0x0, 0x0, 0x0, 0x0,
    0xf, 0xff, 0xfc, 0x0, 0x0, 0x0, 0x0, 0x2f,
    0xff, 0xf9, 0x0, 0x0, 0x0, 0x0, 0x6f, 0xff,
    0xf7, 0x0, 0x0, 0x0, 0x0, 0x9f, 0xfd, 0x92,
    0x0, 0x0, 0x0, 0x0, 0x53, 0x0, 0x0, 0x0,
    0x0, 0x0, 0x0,

    /* U+0067 "g" */
    0x0, 0x0, 0x0, 0x3, 0x9d, 0xfe, 0x91, 0x0,
    0x0, 0x0, 0x1a, 0xff, 0xff, 0xff, 0xd0, 0x0,
    0x0, 0x2e, 0xff, 0xff, 0xff, 0xff, 0x60, 0x0,
    0x2e, 0xff, 0xfe, 0xaf, 0xff, 0xfb, 0x0, 0xc,
    0xff, 0xfe, 0x10, 0x5f, 0xff, 0xd0, 0x7, 0xff,
    0xff, 0x30, 0x0, 0x96, 0x30, 0x1, 0xff, 0xff,
    0xa0, 0x0, 0x0, 0x0, 0x0, 0x7f, 0xff, 0xf3,
    0x0, 0x0, 0x0, 0x0, 0xe, 0xff, 0xfd, 0x0,
    0x0, 0x0, 0x0, 0x3, 0xff, 0xff, 0x80, 0x0,
    0x0, 0x0, 0x0, 0x7f, 0xff, 0xf3, 0x0, 0x0,
    0x1, 0x36, 0x19, 0xff, 0xff, 0x0, 0x6a, 0xce,
    0xff, 0xf1, 0xbf, 0xff, 0xc0, 0xe, 0xff, 0xff,
    0xff, 0xc, 0xff, 0xfa, 0x1, 0xff, 0xff, 0xff,
    0xc0, 0xdf, 0xff, 0x80, 0x3, 0x5, 0xff, 0xf7,
    0xc, 0xff, 0xf9, 0x0, 0x0, 0xaf, 0xff, 0x20,
    0xbf, 0xff, 0xd0, 0x0, 0x5f, 0xff, 0xa0, 0x8,
    0xff, 0xff, 0xa5, 0x9f, 0xff, 0xf2, 0x0, 0x3f,
    0xff, 0xff, 0xff, 0xff, 0xf5, 0x0, 0x0, 0xbf,
    0xff, 0xff, 0xff, 0xf7, 0x0, 0x0, 0x2, 0xef,
    0xff, 0xff, 0xe5, 0x0, 0x0, 0x0, 0x1, 0x9e,
    0xfd, 0x71, 0x0, 0x0, 0x0,

    /* U+0068 "h" */
    0x0, 0x4, 0xff, 0xff, 0x30, 0x2b, 0xdf, 0xf2,
    0x0, 0x6, 0xff, 0xff, 0x0, 0x7f, 0xff, 0xd0,
    0x0, 0x8, 0xff, 0xfb, 0x0, 0xbf, 0xff, 0x90,
    0x0, 0xa, 0xff, 0xf8, 0x0, 0xef, 0xff, 0x60,
    0x0, 0xd, 0xff, 0xf4, 0x0, 0xff, 0xff, 0x20,
    0x0, 0xf, 0xff, 0xf1, 0x3, 0xff, 0xfe, 0x0,
    0x0, 0x2f, 0xff, 0xe0, 0x6, 0xff, 0xfb, 0x0,
    0x0, 0x5f, 0xff, 0xb0, 0x9, 0xff, 0xf8, 0x0,
    0x0, 0x7f, 0xff, 0xdc, 0xef, 0xff, 0xf5, 0x0,
    0x0, 0xaf, 0xff, 0xff, 0xff, 0xff, 0xf2, 0x0,
    0x0, 0xdf, 0xff, 0xff, 0xff, 0xff, 0xf0, 0x0,
    0x0, 0xff, 0xff, 0xa8, 0x9f, 0xff, 0xc0, 0x0,
    0x2, 0xff, 0xff, 0x0, 0x5f, 0xff, 0xa0, 0x0,
    0x5, 0xff, 0xfc, 0x0, 0x8f, 0xff, 0x70, 0x0,
    0x8, 0xff, 0xf9, 0x0, 0xcf, 0xff, 0x40, 0x0,
    0xb, 0xff, 0xf6, 0x0, 0xff, 0xff, 0x20, 0x0,
    0xe, 0xff, 0xf3, 0x2, 0xff, 0xff, 0x0, 0x0,
    0x1f, 0xff, 0xf0, 0x5, 0xff, 0xfd, 0x0, 0x0,
    0x5f, 0xff, 0xd0, 0x8, 0xff, 0xfa, 0x0, 0x0,
    0x8f, 0xff, 0xa0, 0xb, 0xfe, 0xc6, 0x0, 0x0,
    0x9a, 0x63, 0x0, 0x1, 0x0, 0x0, 0x0, 0x0,

    /* U+0069 "i" */
    0x0, 0x0, 0x0, 0x1, 0x0, 0x3, 0x9c, 0xed,
    0x0, 0x8, 0xff, 0xfb, 0x0, 0xb, 0xff, 0xf8,
    0x0, 0xd, 0xff, 0xf5, 0x0, 0xf, 0xff, 0xf3,
    0x0, 0x2f, 0xff, 0xf0, 0x0, 0x5f, 0xff, 0xd0,
    0x0, 0x7f, 0xff, 0xb0, 0x0, 0xaf, 0xff, 0x80,
    0x0, 0xcf, 0xff, 0x60, 0x0, 0xff, 0xff, 0x30,
    0x2, 0xff, 0xff, 0x10, 0x5, 0xff, 0xfe, 0x0,
    0x7, 0xff, 0xfc, 0x0, 0xa, 0xff, 0xf9, 0x0,
    0xd, 0xff, 0xf7, 0x0, 0xf, 0xff, 0xf4, 0x0,
    0x3f, 0xff, 0xf2, 0x0, 0x6f, 0xff, 0xf0, 0x0,
    0xaf, 0xff, 0xd0, 0x0, 0x55, 0x31, 0x0, 0x0,

    /* U+006A "j" */
    0x0, 0x0, 0x0, 0x0, 0x25, 0x8c, 0x10, 0x0,
    0x0, 0x0, 0xdf, 0xff, 0xc0, 0x0, 0x0, 0x0,
    0x1f, 0xff, 0xf8, 0x0, 0x0, 0x0, 0x4, 0xff,
    0xff, 0x40, 0x0, 0x0, 0x0, 0x7f, 0xff, 0xf1,
    0x0, 0x0, 0x0, 0xa, 0xff, 0xfd, 0x0, 0x0,
    0x0, 0x0, 0xdf, 0xff, 0x90, 0x0, 0x0, 0x0,
    0xf, 0xff, 0xf6, 0x0, 0x0, 0x0, 0x3, 0xff,
    0xff, 0x30, 0x0, 0x0, 0x0, 0x6f, 0xff, 0xf0,
    0x0, 0x0, 0x0, 0x9, 0xff, 0xfc, 0x0, 0x0,
    0x0, 0x0, 0xcf, 0xff, 0x80, 0x0, 0x0, 0x0,
    0xe, 0xff, 0xf5, 0x0, 0x0, 0x0, 0x1, 0xff,
    0xff, 0x20, 0x0, 0x0, 0x0, 0x4f, 0xff, 0xf0,
    0x0, 0x0, 0x0, 0x8, 0xff, 0xfb, 0x0, 0x0,
    0x0, 0x94, 0xef, 0xff, 0x70, 0x0, 0x0, 0x7f,
    0xff, 0xff, 0xf2, 0x0, 0x0, 0xd, 0xff, 0xff,
    0xfc, 0x0, 0x0, 0x5, 0xff, 0xff, 0xff, 0x50,
    0x0, 0x0, 0x8f, 0xff, 0xff, 0xa0, 0x0, 0x0,
    0x0, 0x4b, 0xfe, 0x80, 0x0, 0x0, 0x0,

    /* U+006B "k" */
    0x0, 0x0, 0x0, 0x0, 0x0, 0x0, 0x2, 0x36,
    0x50, 0x0, 0x5f, 0xff, 0xf4, 0x1, 0xef, 0xff,
    0xf2, 0x0, 0x7, 0xff, 0xff, 0x10, 0x9f, 0xff,
    0xf6, 0x0, 0x0, 0x8f, 0xff, 0xe0, 0x3f, 0xff,
    0xfa, 0x0, 0x0, 0xa, 0xff, 0xfb, 0xd, 0xff,
    0xfe, 0x10, 0x0, 0x0, 0xdf, 0xff, 0x87, 0xff,
    0xff, 0x40, 0x0, 0x0, 0xf, 0xff, 0xf8, 0xff,
    0xff, 0x90, 0x0, 0x0, 0x1, 0xff, 0xff, 0xef,
    0xff, 0xd0, 0x0, 0x0, 0x0, 0x4f, 0xff, 0xff,
    0xff, 0xf4, 0x0, 0x0, 0x0, 0x7, 0xff, 0xff,
    0xff, 0xf9, 0x0, 0x0, 0x0, 0x0, 0xaf, 0xff,
    0xff, 0xff, 0x70, 0x0, 0x0, 0x0, 0xc, 0xff,
    0xff, 0xff, 0xfb, 0x0, 0x0, 0x0, 0x0, 0xff,
    0xff, 0xff, 0xff, 0xf0, 0x0, 0x0, 0x0, 0x2f,
    0xff, 0xfa, 0xff, 0xff, 0x30, 0x0, 0x0, 0x5,
    0xff, 0xff, 0x2f, 0xff, 0xf8, 0x0, 0x0, 0x0,
    0x8f, 0xff, 0xc0, 0xff, 0xff, 0xd0, 0x0, 0x0,
    0xb, 0xff, 0xf9, 0xd, 0xff, 0xff, 0x20, 0x0,
    0x0, 0xef, 0xff, 0x60, 0xbf, 0xff, 0xf7, 0x0,
    0x0, 0x1f, 0xff, 0xf3, 0x9, 0xff, 0xff, 0xc0,
    0x0, 0x5, 0xff, 0xff, 0x0, 0x7f, 0xff, 0xff,
    0x10, 0x0, 0x8f, 0xff, 0xd0, 0x4, 0xff, 0xff,
    0xf5, 0x0, 0x8, 0xa7, 0x52, 0x0, 0x0, 0x0,
    0x0, 0x0, 0x0,

    /* U+006C "l" */
    0x0, 0x0, 0x0, 0x0, 0x10, 0x0, 0x19, 0xbd,
    0xfa, 0x0, 0x4, 0xff, 0xff, 0x60, 0x0, 0x7f,
    0xff, 0xf3, 0x0, 0xa, 0xff, 0xff, 0x0, 0x0,
    0xdf, 0xff, 0xc0, 0x0, 0x1f, 0xff, 0xf8, 0x0,
    0x4, 0xff, 0xff, 0x50, 0x0, 0x7f, 0xff, 0xf1,
    0x0, 0xa, 0xff, 0xfd, 0x0, 0x0, 0xdf, 0xff,
    0xa0, 0x0, 0xf, 0xff, 0xf7, 0x0, 0x3, 0xff,
    0xff, 0x30, 0x0, 0x5f, 0xff, 0xf0, 0x0, 0x8,
    0xff, 0xfd, 0x0, 0x0, 0xbf, 0xff, 0xa0, 0x0,
    0xd, 0xff, 0xf7, 0x0, 0x0, 0xff, 0xff, 0x73,
    0x30, 0x2f, 0xff, 0xff, 0xff, 0x44, 0xff, 0xff,
    0xff, 0xf5, 0x7f, 0xff, 0xff, 0xff, 0x88, 0xa7,
    0x53, 0x10, 0x0,

    /* U+006D "m" */
    0x0, 0x0, 0x0, 0x0, 0x0, 0x0, 0x0, 0x0,
    0x0, 0x2, 0x10, 0x0, 0x0, 0x0, 0x12, 0x35,
    0x60, 0x0, 0x9b, 0xdf, 0xf2, 0x0, 0x0, 0x0,
    0xef, 0xff, 0xff, 0x0, 0x6f, 0xff, 0xff, 0x0,
    0x0, 0x0, 0x2f, 0xff, 0xff, 0xd0, 0xc, 0xff,
    0xff, 0xd0, 0x0, 0x0, 0x7, 0xff, 0xff, 0xfb,
    0x3, 0xff, 0xff, 0xfb, 0x0, 0x0, 0x0, 0xcf,
    0xff, 0xff, 0x80, 0x9f, 0xff, 0xff, 0x80, 0x0,
    0x0, 0xf, 0xff, 0xff, 0xf6, 0xe, 0xff, 0xff,
    0xf6, 0x0, 0x0, 0x5, 0xff, 0xff, 0xff, 0x45,
    0xff, 0xff, 0xff, 0x40, 0x0, 0x0, 0xaf, 0xff,
    0xff, 0xf1, 0xbf, 0xff, 0xff, 0xf3, 0x0, 0x0,
    0xe, 0xff, 0xff, 0xff, 0x1f, 0xff, 0xff, 0xff,
    0x10, 0x0, 0x3, 0xff, 0xff, 0xff, 0xd6, 0xff,
    0xff, 0xff, 0xf0, 0x0, 0x0, 0x8f, 0xff, 0xcf,
    0xfa, 0xcf, 0xfe, 0xff, 0xfd, 0x0, 0x0, 0xd,
    0xff, 0xf7, 0xff, 0xef, 0xfa, 0xef, 0xff, 0xb0,
    0x0, 0x2, 0xff, 0xff, 0x4f, 0xff, 0xff, 0x5f,
    0xff, 0xfa, 0x0, 0x0, 0x7f, 0xff, 0xd4, 0xff,
    0xff, 0xf3, 0xff, 0xff, 0x80, 0x0, 0xc, 0xff,
    0xf9, 0x5f, 0xff, 0xf9, 0x4f, 0xff, 0xf7, 0x0,
    0x1, 0xff, 0xff, 0x47, 0xff, 0xff, 0x36, 0xff,
    0xff, 0x60, 0x0, 0x6f, 0xff, 0xf0, 0x8f, 0xff,
    0xd0, 0x7f, 0xff, 0xf4, 0x0, 0xb, 0xff, 0xfc,
    0xa, 0xff, 0xf8, 0x9, 0xff, 0xff, 0x30, 0x1,
    0xff, 0xff, 0x70, 0xbf, 0xff, 0x20, 0xbf, 0xff,
    0xf2, 0x0, 0x5f, 0xff, 0xf3, 0xc, 0xff, 0xd0,
    0xc, 0xff, 0xff, 0x0, 0xa, 0xff, 0xfe, 0x0,
    0xef, 0xf8, 0x0, 0xcc, 0x96, 0x30, 0x0,

    /* U+006E "n" */
    0x0, 0x0, 0x0, 0x0, 0x0, 0x0, 0x13, 0x53,
    0x0, 0x4, 0xff, 0xff, 0x50, 0x0, 0xef, 0xf6,
    0x0, 0x6, 0xff, 0xff, 0x80, 0x2, 0xff, 0xf2,
    0x0, 0x8, 0xff, 0xff, 0xb0, 0x5, 0xff, 0xf0,
    0x0, 0xa, 0xff, 0xff, 0xe0, 0x8, 0xff, 0xc0,
    0x0, 0xc, 0xff, 0xff, 0xf1, 0xc, 0xff, 0x90,
    0x0, 0xf, 0xff, 0xff, 0xf4, 0xf, 0xff, 0x60,
    0x0, 0x1f, 0xff, 0xff, 0xf7, 0x2f, 0xff, 0x30,
    0x0, 0x4f, 0xff, 0xff, 0xfa, 0x5f, 0xff, 0x0,
    0x0, 0x7f, 0xff, 0xff, 0xfd, 0x8f, 0xfc, 0x0,
    0x0, 0xaf, 0xff, 0xff, 0xff, 0xcf, 0xf9, 0x0,
    0x0, 0xcf, 0xff, 0xef, 0xff, 0xff, 0xf6, 0x0,
    0x0, 0xff, 0xfe, 0xaf, 0xff, 0xff, 0xf3, 0x0,
    0x2, 0xff, 0xfb, 0x8f, 0xff, 0xff, 0xf0, 0x0,
    0x5, 0xff, 0xf8, 0x6f, 0xff, 0xff, 0xe0, 0x0,
    0x8, 0xff, 0xf5, 0x4f, 0xff, 0xff, 0xb0, 0x0,
    0xb, 0xff, 0xf2, 0x3f, 0xff, 0xff, 0x80, 0x0,
    0xe, 0xff, 0xf0, 0x1f, 0xff, 0xff, 0x60, 0x0,
    0x1f, 0xff, 0xc0, 0xf, 0xff, 0xff, 0x30, 0x0,
    0x4f, 0xff, 0x90, 0xe, 0xff, 0xff, 0x10, 0x0,
    0x8f, 0xff, 0x60, 0xc, 0xff, 0xff, 0x0, 0x0,
    0xbe, 0xa7, 0x10, 0xb, 0xb7, 0x41, 0x0, 0x0,
    0x10, 0x0, 0x0, 0x0, 0x0, 0x0, 0x0, 0x0,

    /* U+006F "o" */
    0x0, 0x0, 0x0, 0x0, 0x3a, 0xef, 0xd7, 0x0,
    0x0, 0x0, 0x0, 0x9, 0xff, 0xff, 0xff, 0x80,
    0x0, 0x0, 0x0, 0xaf, 0xff, 0xff, 0xff, 0xf1,
    0x0, 0x0, 0xa, 0xff, 0xff, 0xff, 0xff, 0xf6,
    0x0, 0x0, 0x6f, 0xff, 0xff, 0xff, 0xff, 0xf9,
    0x0, 0x2, 0xff, 0xff, 0xff, 0xff, 0xff, 0xfa,
    0x0, 0xb, 0xff, 0xff, 0xb3, 0x1a, 0xff, 0xfa,
    0x0, 0x3f, 0xff, 0xf9, 0x0, 0x4, 0xff, 0xf9,
    0x0, 0xaf, 0xff, 0xd0, 0x0, 0x3, 0xff, 0xf7,
    0x0, 0xff, 0xff, 0x40, 0x0, 0x5, 0xff, 0xf5,
    0x5, 0xff, 0xfd, 0x0, 0x0, 0x8, 0xff, 0xf1,
    0x9, 0xff, 0xf8, 0x0, 0x0, 0xc, 0xff, 0xc0,
    0xd, 0xff, 0xf4, 0x0, 0x0, 0x2f, 0xff, 0x60,
    0xf, 0xff, 0xf1, 0x0, 0x0, 0xaf, 0xfe, 0x0,
    0x1f, 0xff, 0xf1, 0x0, 0x5, 0xff, 0xf8, 0x0,
    0x1f, 0xff, 0xf6, 0x0, 0x5f, 0xff, 0xd0, 0x0,
    0xf, 0xff, 0xff, 0xce, 0xff, 0xff, 0x30, 0x0,
    0xe, 0xff, 0xff, 0xff, 0xff, 0xf6, 0x0, 0x0,
    0x9, 0xff, 0xff, 0xff, 0xff, 0x60, 0x0, 0x0,
    0x1, 0xef, 0xff, 0xff, 0xe3, 0x0, 0x0, 0x0,
    0x0, 0x1a, 0xff, 0xc7, 0x0, 0x0, 0x0, 0x0,

    /* U+0070 "p" */
    0x0, 0x0, 0x4, 0x8c, 0xef, 0xea, 0x20, 0x0,
    0x0, 0x3, 0xff, 0xff, 0xff, 0xfe, 0x10, 0x0,
    0x0, 0x6f, 0xff, 0xff, 0xff, 0xf9, 0x0, 0x0,
    0x8, 0xff, 0xfd, 0xcf, 0xff, 0xe0, 0x0, 0x0,
    0xcf, 0xff, 0x81, 0xff, 0xff, 0x0, 0x0, 0xf,
    0xff, 0xf6, 0xc, 0xff, 0xf1, 0x0, 0x2, 0xff,
    0xff, 0x30, 0xdf, 0xff, 0x0, 0x0, 0x5f, 0xff,
    0xf0, 0x1f, 0xff, 0xc0, 0x0, 0x8, 0xff, 0xfd,
    0x7, 0xff, 0xf7, 0x0, 0x0, 0xbf, 0xff, 0xa2,
    0xff, 0xfe, 0x0, 0x0, 0xe, 0xff, 0xfb, 0xef,
    0xff, 0x40, 0x0, 0x1, 0xff, 0xff, 0xff, 0xff,
    0x70, 0x0, 0x0, 0x4f, 0xff, 0xff, 0xfe, 0x40,
    0x0, 0x0, 0x8, 0xff, 0xfe, 0x64, 0x0, 0x0,
    0x0, 0x0, 0xbf, 0xff, 0xa0, 0x0, 0x0, 0x0,
    0x0, 0xe, 0xff, 0xf7, 0x0, 0x0, 0x0, 0x0,
    0x2, 0xff, 0xff, 0x40, 0x0, 0x0, 0x0, 0x0,
    0x5f, 0xff, 0xf2, 0x0, 0x0, 0x0, 0x0, 0x8,
    0xff, 0xff, 0x0, 0x0, 0x0, 0x0, 0x0, 0xcf,
    0xff, 0xd0, 0x0, 0x0, 0x0, 0x0, 0xd, 0xa7,
    0x40, 0x0, 0x0, 0x0, 0x0, 0x0,

    /* U+0071 "q" */
    0x0, 0x0, 0x0, 0x0, 0x3a, 0xef, 0xd7, 0x0,
    0x0, 0x0, 0x0, 0x9, 0xff, 0xff, 0xff, 0x80,
    0x0, 0x0, 0x0, 0xaf, 0xff, 0xff, 0xff, 0xf1,
    0x0, 0x0, 0xa, 0xff, 0xff, 0xff, 0xff, 0xf6,
    0x0, 0x0, 0x6f, 0xff, 0xff, 0xff, 0xff, 0xf9,
    0x0, 0x2, 0xff, 0xff, 0xff, 0xff, 0xff, 0xfa,
    0x0, 0xb, 0xff, 0xff, 0xb3, 0x1a, 0xff, 0xfa,
    0x0, 0x3f, 0xff, 0xf9, 0x0, 0x4, 0xff, 0xf9,
    0x0, 0xaf, 0xff, 0xd0, 0x0, 0x4, 0xff, 0xf7,
    0x0, 0xff, 0xff, 0x40, 0x0, 0x5, 0xff, 0xf4,
    0x5, 0xff, 0xfd, 0x0, 0x0, 0x8, 0xff, 0xf1,
    0x9, 0xff, 0xf8, 0x0, 0x0, 0x2d, 0xff, 0xc0,
    0xd, 0xff, 0xf4, 0x0, 0x1b, 0xff, 0xff, 0x60,
    0xf, 0xff, 0xf1, 0x3, 0xef, 0xff, 0xfe, 0x0,
    0x1f, 0xff, 0xf1, 0x6, 0xff, 0xff, 0xf7, 0x0,
    0x1f, 0xff, 0xf6, 0x0, 0xdf, 0xff, 0xfc, 0x0,
    0xf, 0xff, 0xff, 0xcd, 0xff, 0xff, 0xff, 0xa0,
    0xe, 0xff, 0xff, 0xff, 0xff, 0xff, 0xff, 0xf7,
    0x9, 0xff, 0xff, 0xff, 0xff, 0xff, 0xff, 0xf9,
    0x1, 0xef, 0xff, 0xff, 0xe3, 0x5f, 0xff, 0xc0,
    0x0, 0x1a, 0xff, 0xc6, 0x0, 0x9, 0xfe, 0x10,
    0x0, 0x0, 0x0, 0x0, 0x0, 0x0, 0xd4, 0x0,
    0x0, 0x0, 0x0, 0x0, 0x0, 0x0, 0x0, 0x0,

    /* U+0072 "r" */
    0x0, 0x0, 0x37, 0xac, 0xde, 0xff, 0xb2, 0x0,
    0x0, 0x7f, 0xff, 0xff, 0xff, 0xff, 0xd0, 0x0,
    0x9, 0xff, 0xff, 0xff, 0xff, 0xff, 0x30, 0x0,
    0xbf, 0xff, 0xff, 0xff, 0xff, 0xf5, 0x0, 0xe,
    0xff, 0xf7, 0x0, 0x3f, 0xff, 0x30, 0x0, 0xff,
    0xff, 0x40, 0x1, 0xff, 0xf0, 0x0, 0x3f, 0xff,
    0xf1, 0x1, 0xdf, 0xfa, 0x0, 0x6, 0xff, 0xfe,
    0x4, 0xdf, 0xff, 0x20, 0x0, 0x9f, 0xff, 0xdb,
    0xff, 0xff, 0x60, 0x0, 0xb, 0xff, 0xff, 0xff,
    0xff, 0x80, 0x0, 0x0, 0xef, 0xff, 0xff, 0xfe,
    0x50, 0x0, 0x0, 0x1f, 0xff, 0xff, 0xff, 0xc0,
    0x0, 0x0, 0x4, 0xff, 0xff, 0xcf, 0xff, 0x30,
    0x0, 0x0, 0x7f, 0xff, 0xc6, 0xff, 0xfa, 0x0,
    0x0, 0xa, 0xff, 0xf9, 0x2f, 0xff, 0xf1, 0x0,
    0x0, 0xdf, 0xff, 0x70, 0xef, 0xff, 0x70, 0x0,
    0xf, 0xff, 0xf4, 0x9, 0xff, 0xfe, 0x0, 0x3,
    0xff, 0xff, 0x10, 0x5f, 0xff, 0xf4, 0x0, 0x6f,
    0xff, 0xe0, 0x0, 0xff, 0xff, 0xb0, 0x9, 0xff,
    0xf9, 0x0, 0xb, 0xfc, 0x61, 0x0, 0xa9, 0x51,
    0x0, 0x0, 0x32, 0x0, 0x0, 0x0,

    /* U+0073 "s" */
    0x0, 0x0, 0x0, 0x4, 0xad, 0xfe, 0xa2, 0x0,
    0x0, 0x0, 0x4d, 0xff, 0xff, 0xff, 0xe0, 0x0,
    0x0, 0x8f, 0xff, 0xff, 0xff, 0xff, 0x50, 0x0,
    0x8f, 0xff, 0xff, 0xcf, 0xff, 0xf7, 0x0, 0x3f,
    0xff, 0xfd, 0x20, 0xcf, 0xff, 0x50, 0xb, 0xff,
    0xff, 0x60, 0xa, 0xe9, 0x50, 0x0, 0xef, 0xff,
    0xf8, 0x0, 0x10, 0x0, 0x0, 0xe, 0xff, 0xff,
    0xf5, 0x0, 0x0, 0x0, 0x0, 0x9f, 0xff, 0xff,
    0xfa, 0x10, 0x0, 0x0, 0x1, 0xdf, 0xff, 0xff,
    0xfd, 0x0, 0x0, 0x0, 0x1, 0xcf, 0xff, 0xff,
    0xf9, 0x0, 0x0, 0x0, 0x0, 0xaf, 0xff, 0xff,
    0xf1, 0x0, 0x0, 0x0, 0x0, 0x7f, 0xff, 0xff,
    0x40, 0x0, 0x0, 0x0, 0x0, 0x9f, 0xff, 0xf6,
    0x0, 0x0, 0x50, 0x0, 0x3, 0xff, 0xff, 0x50,
    0x0, 0x2f, 0xa1, 0x0, 0x7f, 0xff, 0xf3, 0x0,
    0xa, 0xff, 0xfb, 0xcf, 0xff, 0xfe, 0x0, 0x2,
    0xff, 0xff, 0xff, 0xff, 0xff, 0x60, 0x0, 0x6f,
    0xff, 0xff, 0xff, 0xff, 0x90, 0x0, 0x0, 0x9f,
    0xff, 0xff, 0xff, 0x70, 0x0, 0x0, 0x0, 0x5c,
    0xfe, 0xc8, 0x20, 0x0, 0x0, 0x0,

    /* U+0074 "t" */
    0x0, 0x0, 0x0, 0x11, 0x24, 0x52, 0xf, 0xff,
    0xff, 0xff, 0xff, 0xf2, 0x1f, 0xff, 0xff, 0xff,
    0xff, 0xf0, 0x1f, 0xff, 0xff, 0xff, 0xff, 0xc0,
    0xb, 0xce, 0xff, 0xff, 0xfd, 0x60, 0x0, 0x9,
    0xff, 0xff, 0x0, 0x0, 0x0, 0xc, 0xff, 0xfc,
    0x0, 0x0, 0x0, 0xe, 0xff, 0xf9, 0x0, 0x0,
    0x0, 0x1f, 0xff, 0xf6, 0x0, 0x0, 0x0, 0x3f,
    0xff, 0xf3, 0x0, 0x0, 0x0, 0x6f, 0xff, 0xf1,
    0x0, 0x0, 0x0, 0x9f, 0xff, 0xe0, 0x0, 0x0,
    0x0, 0xcf, 0xff, 0xc0, 0x0, 0x0, 0x0, 0xef,
    0xff, 0x90, 0x0, 0x0, 0x1, 0xff, 0xff, 0x70,
    0x0, 0x0, 0x4, 0xff, 0xff, 0x40, 0x0, 0x0,
    0x8, 0xff, 0xff, 0x20, 0x0, 0x0, 0xb, 0xff,
    0xff, 0x0, 0x0, 0x0, 0xe, 0xff, 0xfd, 0x0,
    0x0, 0x0, 0x1f, 0xff, 0xfb, 0x0, 0x0, 0x0,
    0x4f, 0xff, 0xc6, 0x0, 0x0, 0x0, 0x24, 0x20,
    0x0, 0x0, 0x0, 0x0,

    /* U+0075 "u" */
    0x0, 0x0, 0x0, 0x1, 0x0, 0x0, 0x0, 0x0,
    0x0, 0x4d, 0xef, 0xf3, 0xc, 0xff, 0xf7, 0x0,
    0x8, 0xff, 0xff, 0x0, 0xff, 0xff, 0x40, 0x0,
    0xbf, 0xff, 0xc0, 0x2f, 0xff, 0xf1, 0x0, 0xe,
    0xff, 0xf9, 0x5, 0xff, 0xfe, 0x0, 0x1, 0xff,
    0xff, 0x50, 0x8f, 0xff, 0xb0, 0x0, 0x4f, 0xff,
    0xf2, 0xb, 0xff, 0xf8, 0x0, 0x7, 0xff, 0xff,
    0x0, 0xef, 0xff, 0x50, 0x0, 0xaf, 0xff, 0xc0,
    0x1f, 0xff, 0xf2, 0x0, 0xd, 0xff, 0xf8, 0x4,
    0xff, 0xff, 0x0, 0x0, 0xff, 0xff, 0x50, 0x7f,
    0xff, 0xc0, 0x0, 0x2f, 0xff, 0xf2, 0xa, 0xff,
    0xf9, 0x0, 0x5, 0xff, 0xfe, 0x0, 0xdf, 0xff,
    0x60, 0x0, 0x7f, 0xff, 0xb0, 0xf, 0xff, 0xf2,
    0x0, 0xa, 0xff, 0xf8, 0x3, 0xff, 0xff, 0x0,
    0x0, 0xcf, 0xff, 0x50, 0x7f, 0xff, 0xc0, 0x0,
    0xe, 0xff, 0xf3, 0xb, 0xff, 0xf7, 0x0, 0x0,
    0xff, 0xff, 0x64, 0xff, 0xff, 0x10, 0x0, 0x1f,
    0xff, 0xff, 0xff, 0xff, 0xa0, 0x0, 0x0, 0xff,
    0xff, 0xff, 0xff, 0xd1, 0x0, 0x0, 0x7, 0xff,
    0xff, 0xff, 0xc1, 0x0, 0x0, 0x0, 0x6, 0xdf,
    0xeb, 0x50, 0x0, 0x0, 0x0,

    /* U+0076 "v" */
    0x0, 0x0, 0x1, 0x10, 0x0, 0x0, 0x10, 0xf,
    0xff, 0xf5, 0x8, 0xff, 0xfc, 0x0, 0xff, 0xff,
    0x40, 0xcf, 0xff, 0x70, 0xf, 0xff, 0xf2, 0xf,
    0xff, 0xf3, 0x0, 0xff, 0xff, 0x12, 0xff, 0xfe,
    0x0, 0x1f, 0xff, 0xf0, 0x5f, 0xff, 0xa0, 0x2,
    0xff, 0xfd, 0x9, 0xff, 0xf6, 0x0, 0x3f, 0xff,
    0xc0, 0xcf, 0xff, 0x20, 0x4, 0xff, 0xfa, 0xf,
    0xff, 0xe0, 0x0, 0x5f, 0xff, 0x92, 0xff, 0xfa,
    0x0, 0x6, 0xff, 0xf7, 0x6f, 0xff, 0x60, 0x0,
    0x7f, 0xff, 0x69, 0xff, 0xf2, 0x0, 0x8, 0xff,
    0xf4, 0xcf, 0xfe, 0x0, 0x0, 0xaf, 0xff, 0x3f,
    0xff, 0xa0, 0x0, 0xb, 0xff, 0xf4, 0xff, 0xf6,
    0x0, 0x0, 0xcf, 0xff, 0x6f, 0xff, 0x20, 0x0,
    0xd, 0xff, 0xfc, 0xff, 0xe0, 0x0, 0x0, 0xff,
    0xff, 0xff, 0xfb, 0x0, 0x0, 0xf, 0xff, 0xff,
    0xff, 0x70, 0x0, 0x1, 0xff, 0xff, 0xff, 0xf3,
    0x0, 0x0, 0x3f, 0xff, 0xff, 0xff, 0x0, 0x0,
    0x4, 0xec, 0xa7, 0x52, 0x0, 0x0, 0x0, 0x0,
    0x0, 0x0, 0x0, 0x0, 0x0, 0x0,

    /* U+0077 "w" */
    0x0, 0x0, 0x0, 0x0, 0x0, 0x0, 0x0, 0x0,
    0x2, 0x41, 0x0, 0xae, 0xef, 0xf0, 0x2e, 0xef,
    0x10, 0xad, 0xff, 0xf0, 0x0, 0xdf, 0xff, 0xd0,
    0x7f, 0xff, 0x1, 0xff, 0xff, 0xa0, 0x0, 0xff,
    0xff, 0xa0, 0xbf, 0xfe, 0x4, 0xff, 0xff, 0x50,
    0x1, 0xff, 0xff, 0x80, 0xff, 0xfc, 0x8, 0xff,
    0xff, 0x10, 0x2, 0xff, 0xff, 0x54, 0xff, 0xfb,
    0xb, 0xff, 0xfc, 0x0, 0x4, 0xff, 0xff, 0x38,
    0xff, 0xf9, 0xf, 0xff, 0xf8, 0x0, 0x6, 0xff,
    0xff, 0x1c, 0xff, 0xf8, 0x2f, 0xff, 0xf4, 0x0,
    0x7, 0xff, 0xfe, 0x1f, 0xff, 0xf7, 0x6f, 0xff,
    0xf0, 0x0, 0x9, 0xff, 0xfb, 0x5f, 0xff, 0xf5,
    0x9f, 0xff, 0xb0, 0x0, 0xb, 0xff, 0xf9, 0xaf,
    0x9f, 0xf4, 0xdf, 0xff, 0x70, 0x0, 0xd, 0xff,
    0xf6, 0xef, 0x6f, 0xf4, 0xff, 0xff, 0x30, 0x0,
    0xe, 0xff, 0xf7, 0xff, 0x4f, 0xf6, 0xff, 0xff,
    0x0, 0x0, 0xf, 0xff, 0xfc, 0xfc, 0x4f, 0xfb,
    0xff, 0xfb, 0x0, 0x0, 0x2f, 0xff, 0xff, 0xf8,
    0x6f, 0xff, 0xff, 0xf7, 0x0, 0x0, 0x3f, 0xff,
    0xff, 0xf4, 0x8f, 0xff, 0xff, 0xf4, 0x0, 0x0,
    0x5f, 0xff, 0xff, 0xf0, 0xaf, 0xff, 0xff, 0xf0,
    0x0, 0x0, 0x7f, 0xff, 0xff, 0xb0, 0xbf, 0xff,
    0xff, 0xc0, 0x0, 0x0, 0x8f, 0xff, 0xff, 0x70,
    0xdf, 0xff, 0xff, 0x90, 0x0, 0x0, 0xaf, 0xff,
    0xff, 0x30, 0xff, 0xff, 0xff, 0x50, 0x0, 0x0,
    0xcf, 0xfd, 0xa7, 0x1, 0xff, 0xeb, 0x85, 0x0,
    0x0, 0x0, 0x43, 0x0, 0x0, 0x0, 0x30, 0x0,
    0x0, 0x0, 0x0, 0x0,

    /* U+0078 "x" */
    0x0, 0x0, 0x0, 0x1, 0x84, 0x0, 0x54, 0x0,
    0x0, 0x0, 0x0, 0x4a, 0xff, 0x70, 0xe, 0xff,
    0xc4, 0x0, 0x0, 0x1f, 0xff, 0xf9, 0x6, 0xff,
    0xff, 0x10, 0x0, 0x0, 0xef, 0xff, 0xa0, 0xdf,
    0xff, 0x70, 0x0, 0x0, 0xa, 0xff, 0xfc, 0x5f,
    0xff, 0xe0, 0x0, 0x0, 0x0, 0x7f, 0xff, 0xec,
    0xff, 0xf6, 0x0, 0x0, 0x0, 0x4, 0xff, 0xff,
    0xff, 0xfd, 0x0, 0x0, 0x0, 0x0, 0x1f, 0xff,
    0xff, 0xff, 0x60, 0x0, 0x0, 0x0, 0x0, 0xef,
    0xff, 0xff, 0xe0, 0x0, 0x0, 0x0, 0x0, 0xc,
    0xff, 0xff, 0xf7, 0x0, 0x0, 0x0, 0x0, 0x0,
    0xbf, 0xff, 0xff, 0x0, 0x0, 0x0, 0x0, 0x0,
    0x1f, 0xff, 0xff, 0xf1, 0x0, 0x0, 0x0, 0x0,
    0x9, 0xff, 0xff, 0xff, 0x40, 0x0, 0x0, 0x0,
    0x1, 0xff, 0xff, 0xff, 0xf7, 0x0, 0x0, 0x0,
    0x0, 0x9f, 0xff, 0xff, 0xff, 0xa0, 0x0, 0x0,
    0x0, 0x1f, 0xff, 0xff, 0xff, 0xfe, 0x0, 0x0,
    0x0, 0xa, 0xff, 0xfd, 0xcf, 0xff, 0xf2, 0x0,
    0x0, 0x3, 0xff, 0xff, 0x6a, 0xff, 0xff, 0x60,
    0x0, 0x0, 0xcf, 0xff, 0xe0, 0x9f, 0xff, 0xfa,
    0x0, 0x0, 0x5f, 0xff, 0xf8, 0x8, 0xff, 0xff,
    0xb0, 0x0, 0xa, 0xef, 0xff, 0x10, 0x7e, 0xa6,
    0x10, 0x0, 0x0, 0x0, 0x1, 0x10, 0x1, 0x0,
    0x0, 0x0, 0x0,

    /* U+0079 "y" */
    0x0, 0x0, 0x0, 0x0, 0x0, 0x0, 0x0, 0x0,
    0x5b, 0x50, 0x9, 0x73, 0x0, 0x18, 0xef, 0xf5,
    0x1, 0xff, 0xff, 0x52, 0xff, 0xff, 0x50, 0x7f,
    0xff, 0xf1, 0x1f, 0xff, 0xf5, 0xc, 0xff, 0xf8,
    0x0, 0xff, 0xff, 0x52, 0xff, 0xff, 0x10, 0xf,
    0xff, 0xf5, 0x7f, 0xff, 0x90, 0x0, 0xef, 0xff,
    0x5d, 0xff, 0xf1, 0x0, 0xd, 0xff, 0xf8, 0xff,
    0xfa, 0x0, 0x0, 0xcf, 0xff, 0xef, 0xff, 0x20,
    0x0, 0xb, 0xff, 0xff, 0xff, 0xb0, 0x0, 0x0,
    0xaf, 0xff, 0xff, 0xf3, 0x0, 0x0, 0xa, 0xff,
    0xff, 0xfc, 0x0, 0x0, 0x0, 0x9f, 0xff, 0xff,
    0x40, 0x0, 0x0, 0x9, 0xff, 0xff, 0xd0, 0x0,
    0x0, 0x0, 0x9f, 0xff, 0xf5, 0x0, 0x0, 0x0,
    0xb, 0xff, 0xff, 0x10, 0x0, 0x0, 0x0, 0xef,
    0xff, 0xd0, 0x0, 0x0, 0x0, 0x2f, 0xff, 0xf9,
    0x0, 0x0, 0x0, 0x6, 0xff, 0xff, 0x50, 0x0,
    0x0, 0x0, 0x9f, 0xff, 0xf1, 0x0, 0x0, 0x0,
    0x6, 0x64, 0x20, 0x0, 0x0, 0x0, 0x0,

    /* U+007A "z" */
    0x0, 0x9, 0xff, 0xff, 0xff, 0xff, 0xff, 0xc0,
    0x0, 0xbf, 0xff, 0xff, 0xff, 0xff, 0xf9, 0x0,
    0xd, 0xff, 0xff, 0xff, 0xff, 0xff, 0x60, 0x0,
    0xff, 0xff, 0xff, 0xff, 0xff, 0xf3, 0x0, 0xd,
    0xa8, 0x66, 0xff, 0xff, 0xfb, 0x0, 0x0, 0x0,
    0x0, 0xaf, 0xff, 0xfe, 0x10, 0x0, 0x0, 0x0,
    0x5f, 0xff, 0xff, 0x40, 0x0, 0x0, 0x0, 0x2f,
    0xff, 0xff, 0x90, 0x0, 0x0, 0x0, 0xc, 0xff,
    0xff, 0xd0, 0x0, 0x0, 0x0, 0x7, 0xff, 0xff,
    0xf3, 0x0, 0x0, 0x0, 0x3, 0xff, 0xff, 0xf7,
    0x0, 0x0, 0x0, 0x0, 0xdf, 0xff, 0xfb, 0x0,
    0x0, 0x0, 0x0, 0xaf, 0xff, 0xfe, 0x10, 0x0,
    0x0, 0x0, 0x5f, 0xff, 0xff, 0x50, 0x0, 0x0,
    0x0, 0x1e, 0xff, 0xff, 0xd5, 0x55, 0x68, 0x10,
    0xa, 0xff, 0xff, 0xff, 0xff, 0xff, 0xf2, 0x0,
    0xcf, 0xff, 0xff, 0xff, 0xff, 0xff, 0x20, 0xc,
    0xff, 0xff, 0xff, 0xff, 0xff, 0xf2, 0x0, 0xcf,
    0xff, 0xff, 0xff, 0xff, 0xff, 0x20, 0x7, 0x74,
    0x21, 0x0, 0x0, 0x0, 0x0, 0x0,

    /* U+007B "{" */
    0x0, 0x0, 0x0, 0x0, 0x0, 0x0, 0x0, 0x0,
    0x1, 0x9a, 0x0, 0x0, 0x0, 0x1, 0xef, 0xf1,
    0x0, 0x0, 0x0, 0xcf, 0xff, 0x60, 0x0, 0x0,
    0x4f, 0xff, 0xfc, 0x0, 0x0, 0xa, 0xff, 0xfb,
    0x40, 0x0, 0x0, 0xef, 0xfc, 0x0, 0x0, 0x0,
    0x3f, 0xff, 0x50, 0x0, 0x0, 0x2c, 0xff, 0xf0,
    0x0, 0x0, 0xaf, 0xff, 0xf9, 0x0, 0x0, 0xc,
    0xff, 0xf9, 0x0, 0x0, 0x0, 0xef, 0xff, 0xc0,
    0x0, 0x0, 0x6, 0xef, 0xff, 0x40, 0x0, 0x0,
    0x4, 0xff, 0xf6, 0x0, 0x0, 0x0, 0xf, 0xff,
    0x70, 0x0, 0x0, 0x0, 0xef, 0xf8, 0x0, 0x0,
    0x0, 0xd, 0xff, 0xe1, 0x0, 0x0, 0x0, 0xaf,
    0xff, 0xe1, 0x0, 0x0, 0x5, 0xff, 0xfe, 0x0,
    0x0, 0x0, 0xb, 0xff, 0x80, 0x0, 0x0, 0x0,
    0xb, 0xf3, 0x0, 0x0, 0x0, 0x0, 0x5, 0x0,
    0x0,

    /* U+007C "|" */
    0x0, 0x0, 0x26, 0x79, 0x90, 0x0, 0x7, 0xff,
    0xfb, 0x0, 0x0, 0xaf, 0xff, 0x80, 0x0, 0xd,
    0xff, 0xf6, 0x0, 0x0, 0xff, 0xff, 0x30, 0x0,
    0x2f, 0xff, 0xf0, 0x0, 0x5, 0xff, 0xfd, 0x0,
    0x0, 0x8f, 0xff, 0xa0, 0x0, 0xa, 0xff, 0xf7,
    0x0, 0x0, 0xdf, 0xff, 0x40, 0x0, 0xf, 0xff,
    0xf2, 0x0, 0x3, 0xff, 0xff, 0x0, 0x0, 0x6f,
    0xff, 0xc0, 0x0, 0x9, 0xff, 0xf9, 0x0, 0x0,
    0xcf, 0xff, 0x60, 0x0, 0xf, 0xff, 0xf4, 0x0,
    0x2, 0xff, 0xff, 0x10, 0x0, 0x5f, 0xff, 0xe0,
    0x0, 0x8, 0xff, 0xfc, 0x0, 0x0, 0xbf, 0xff,
    0x90, 0x0, 0xf, 0xff, 0xf7, 0x0, 0x2, 0xff,
    0xff, 0x50, 0x0, 0x26, 0x32, 0x0, 0x0, 0x0,

    /* U+007D "}" */
    0x0, 0x0, 0x11, 0x0, 0x0, 0x0, 0x0, 0xce,
    0x40, 0x0, 0x0, 0x8, 0xff, 0xf1, 0x0, 0x0,
    0x4f, 0xff, 0xf7, 0x0, 0x0, 0x19, 0xff, 0xf9,
    0x0, 0x0, 0x0, 0xef, 0xfa, 0x0, 0x0, 0x0,
    0xcf, 0xfa, 0x0, 0x0, 0x0, 0xbf, 0xfb, 0x0,
    0x0, 0x0, 0x9f, 0xff, 0x30, 0x0, 0x0, 0x7f,
    0xff, 0xf9, 0x0, 0x0, 0x1c, 0xff, 0xf7, 0x0,
    0x0, 0x4f, 0xff, 0xf5, 0x0, 0x0, 0xdf, 0xff,
    0x81, 0x0, 0x4, 0xff, 0xf5, 0x0, 0x0, 0x7,
    0xff, 0xe0, 0x0, 0x0, 0xb, 0xff, 0xa0, 0x0,
    0x0, 0x6f, 0xff, 0x60, 0x0, 0x4d, 0xff, 0xff,
    0x10, 0x0, 0x6f, 0xff, 0xf7, 0x0, 0x0, 0x4f,
    0xff, 0x90, 0x0, 0x0, 0x3f, 0xd5, 0x0, 0x0,
    0x0, 0x3, 0x0, 0x0, 0x0, 0x0,

    /* U+007E "~" */
    0x0, 0x0, 0x0, 0x0, 0x0, 0x0, 0x0, 0x0,
    0x2, 0xae, 0xe4, 0x0, 0x1d, 0x40, 0x0, 0x2e,
    0xff, 0xff, 0x40, 0x7f, 0xf4, 0x0, 0xbf, 0xff,
    0xff, 0xf7, 0xef, 0xf1, 0x4, 0xff, 0xff, 0xff,
    0xff, 0xff, 0xb0, 0xa, 0xff, 0x76, 0xff, 0xff,
    0xff, 0x40, 0xd, 0xfc, 0x0, 0x4f, 0xff, 0xfa,
    0x0, 0x1, 0x85, 0x0, 0x4, 0xee, 0x70, 0x0,

    /* U+007F "" */

};


/*---------------------
 *  GLYPH DESCRIPTION
 *--------------------*/

static const lv_font_fmt_txt_glyph_dsc_t glyph_dsc[] = {
    {.bitmap_index = 0, .adv_w = 0, .box_w = 0, .box_h = 0, .ofs_x = 0, .ofs_y = 0} /* id = 0 reserved */,
    {.bitmap_index = 0, .adv_w = 87, .box_w = 0, .box_h = 0, .ofs_x = 0, .ofs_y = 0},
    {.bitmap_index = 0, .adv_w = 118, .box_w = 12, .box_h = 23, .ofs_x = -1, .ofs_y = -1},
    {.bitmap_index = 138, .adv_w = 189, .box_w = 14, .box_h = 11, .ofs_x = 2, .ofs_y = 12},
    {.bitmap_index = 215, .adv_w = 280, .box_w = 19, .box_h = 23, .ofs_x = 1, .ofs_y = -1},
    {.bitmap_index = 434, .adv_w = 198, .box_w = 15, .box_h = 26, .ofs_x = 0, .ofs_y = -2},
    {.bitmap_index = 629, .adv_w = 358, .box_w = 21, .box_h = 24, .ofs_x = 2, .ofs_y = -1},
    {.bitmap_index = 881, .adv_w = 240, .box_w = 17, .box_h = 21, .ofs_x = 0, .ofs_y = 0},
    {.bitmap_index = 1060, .adv_w = 90, .box_w = 8, .box_h = 11, .ofs_x = 2, .ofs_y = 12},
    {.bitmap_index = 1104, .adv_w = 150, .box_w = 13, .box_h = 30, .ofs_x = 1, .ofs_y = -4},
    {.bitmap_index = 1299, .adv_w = 148, .box_w = 13, .box_h = 30, .ofs_x = -2, .ofs_y = -4},
    {.bitmap_index = 1494, .adv_w = 190, .box_w = 12, .box_h = 14, .ofs_x = 2, .ofs_y = 6},
    {.bitmap_index = 1578, .adv_w = 148, .box_w = 10, .box_h = 12, .ofs_x = 1, .ofs_y = 3},
    {.bitmap_index = 1638, .adv_w = 88, .box_w = 7, .box_h = 9, .ofs_x = -1, .ofs_y = -3},
    {.bitmap_index = 1670, .adv_w = 161, .box_w = 11, .box_h = 6, .ofs_x = 1, .ofs_y = 7},
    {.bitmap_index = 1703, .adv_w = 94, .box_w = 7, .box_h = 6, .ofs_x = -1, .ofs_y = -1},
    {.bitmap_index = 1724, .adv_w = 247, .box_w = 20, .box_h = 23, .ofs_x = -1, .ofs_y = -1},
    {.bitmap_index = 1954, .adv_w = 212, .box_w = 14, .box_h = 21, .ofs_x = 1, .ofs_y = 0},
    {.bitmap_index = 2101, .adv_w = 143, .box_w = 10, .box_h = 21, .ofs_x = 2, .ofs_y = 0},
    {.bitmap_index = 2206, .adv_w = 209, .box_w = 16, .box_h = 21, .ofs_x = 0, .ofs_y = 0},
    {.bitmap_index = 2374, .adv_w = 205, .box_w = 15, .box_h = 21, .ofs_x = 0, .ofs_y = 0},
    {.bitmap_index = 2532, .adv_w = 206, .box_w = 15, .box_h = 22, .ofs_x = 0, .ofs_y = 0},
    {.bitmap_index = 2697, .adv_w = 202, .box_w = 14, .box_h = 21, .ofs_x = 1, .ofs_y = 0},
    {.bitmap_index = 2844, .adv_w = 214, .box_w = 14, .box_h = 21, .ofs_x = 1, .ofs_y = 0},
    {.bitmap_index = 2991, .adv_w = 152, .box_w = 13, .box_h = 22, .ofs_x = 0, .ofs_y = 0},
    {.bitmap_index = 3134, .adv_w = 232, .box_w = 17, .box_h = 21, .ofs_x = 0, .ofs_y = 0},
    {.bitmap_index = 3313, .adv_w = 219, .box_w = 15, .box_h = 21, .ofs_x = 1, .ofs_y = 0},
    {.bitmap_index = 3471, .adv_w = 87, .box_w = 8, .box_h = 16, .ofs_x = 0, .ofs_y = 1},
    {.bitmap_index = 3535, .adv_w = 117, .box_w = 9, .box_h = 18, .ofs_x = 0, .ofs_y = -1},
    {.bitmap_index = 3616, .adv_w = 142, .box_w = 10, .box_h = 22, .ofs_x = 1, .ofs_y = 0},
    {.bitmap_index = 3726, .adv_w = 157, .box_w = 10, .box_h = 13, .ofs_x = 1, .ofs_y = 2},
    {.bitmap_index = 3791, .adv_w = 129, .box_w = 10, .box_h = 21, .ofs_x = 0, .ofs_y = 0},
    {.bitmap_index = 3896, .adv_w = 196, .box_w = 13, .box_h = 22, .ofs_x = 2, .ofs_y = -1},
    {.bitmap_index = 4039, .adv_w = 442, .box_w = 28, .box_h = 22, .ofs_x = 1, .ofs_y = -1},
    {.bitmap_index = 4347, .adv_w = 194, .box_w = 14, .box_h = 22, .ofs_x = -1, .ofs_y = 0},
    {.bitmap_index = 4501, .adv_w = 192, .box_w = 16, .box_h = 21, .ofs_x = -1, .ofs_y = 0},
    {.bitmap_index = 4669, .adv_w = 185, .box_w = 14, .box_h = 21, .ofs_x = 1, .ofs_y = 0},
    {.bitmap_index = 4816, .adv_w = 198, .box_w = 15, .box_h = 21, .ofs_x = 0, .ofs_y = 0},
    {.bitmap_index = 4974, .adv_w = 153, .box_w = 13, .box_h = 22, .ofs_x = 0, .ofs_y = -1},
    {.bitmap_index = 5117, .adv_w = 153, .box_w = 14, .box_h = 21, .ofs_x = 0, .ofs_y = 0},
    {.bitmap_index = 5264, .adv_w = 224, .box_w = 15, .box_h = 22, .ofs_x = 1, .ofs_y = -1},
    {.bitmap_index = 5429, .adv_w = 198, .box_w = 16, .box_h = 21, .ofs_x = 0, .ofs_y = 0},
    {.bitmap_index = 5597, .adv_w = 90, .box_w = 10, .box_h = 22, .ofs_x = -1, .ofs_y = 0},
    {.bitmap_index = 5707, .adv_w = 125, .box_w = 13, .box_h = 22, .ofs_x = -1, .ofs_y = 0},
    {.bitmap_index = 5850, .adv_w = 207, .box_w = 17, .box_h = 22, .ofs_x = 0, .ofs_y = 0},
    {.bitmap_index = 6037, .adv_w = 135, .box_w = 9, .box_h = 22, .ofs_x = 0, .ofs_y = 0},
    {.bitmap_index = 6136, .adv_w = 277, .box_w = 21, .box_h = 22, .ofs_x = -1, .ofs_y = 0},
    {.bitmap_index = 6367, .adv_w = 203, .box_w = 16, .box_h = 22, .ofs_x = 0, .ofs_y = 0},
    {.bitmap_index = 6543, .adv_w = 221, .box_w = 16, .box_h = 21, .ofs_x = 0, .ofs_y = 0},
    {.bitmap_index = 6711, .adv_w = 170, .box_w = 15, .box_h = 21, .ofs_x = -1, .ofs_y = 0},
    {.bitmap_index = 6869, .adv_w = 235, .box_w = 16, .box_h = 23, .ofs_x = 0, .ofs_y = -2},
    {.bitmap_index = 7053, .adv_w = 199, .box_w = 15, .box_h = 21, .ofs_x = 0, .ofs_y = 0},
    {.bitmap_index = 7211, .adv_w = 193, .box_w = 15, .box_h = 21, .ofs_x = 0, .ofs_y = 0},
    {.bitmap_index = 7369, .adv_w = 162, .box_w = 12, .box_h = 22, .ofs_x = 2, .ofs_y = 0},
    {.bitmap_index = 7501, .adv_w = 188, .box_w = 15, .box_h = 22, .ofs_x = 0, .ofs_y = 0},
    {.bitmap_index = 7666, .adv_w = 170, .box_w = 13, .box_h = 23, .ofs_x = 1, .ofs_y = -1},
    {.bitmap_index = 7816, .adv_w = 269, .box_w = 20, .box_h = 22, .ofs_x = 1, .ofs_y = 0},
    {.bitmap_index = 8036, .adv_w = 184, .box_w = 17, .box_h = 22, .ofs_x = -2, .ofs_y = -1},
    {.bitmap_index = 8223, .adv_w = 172, .box_w = 13, .box_h = 22, .ofs_x = 2, .ofs_y = 0},
    {.bitmap_index = 8366, .adv_w = 193, .box_w = 15, .box_h = 20, .ofs_x = 0, .ofs_y = 0},
    {.bitmap_index = 8516, .adv_w = 143, .box_w = 13, .box_h = 23, .ofs_x = 0, .ofs_y = -1},
    {.bitmap_index = 8666, .adv_w = 228, .box_w = 11, .box_h = 22, .ofs_x = 3, .ofs_y = 0},
    {.bitmap_index = 8787, .adv_w = 140, .box_w = 13, .box_h = 23, .ofs_x = -1, .ofs_y = -1},
    {.bitmap_index = 8937, .adv_w = 179, .box_w = 10, .box_h = 9, .ofs_x = 3, .ofs_y = 17},
    {.bitmap_index = 8982, .adv_w = 180, .box_w = 13, .box_h = 4, .ofs_x = -2, .ofs_y = -3},
    {.bitmap_index = 9008, .adv_w = 160, .box_w = 8, .box_h = 10, .ofs_x = 1, .ofs_y = 16},
    {.bitmap_index = 9048, .adv_w = 194, .box_w = 14, .box_h = 22, .ofs_x = -1, .ofs_y = 0},
    {.bitmap_index = 9202, .adv_w = 192, .box_w = 16, .box_h = 21, .ofs_x = -1, .ofs_y = 0},
    {.bitmap_index = 9370, .adv_w = 185, .box_w = 14, .box_h = 21, .ofs_x = 1, .ofs_y = 0},
    {.bitmap_index = 9517, .adv_w = 198, .box_w = 15, .box_h = 21, .ofs_x = 0, .ofs_y = 0},
    {.bitmap_index = 9675, .adv_w = 153, .box_w = 13, .box_h = 22, .ofs_x = 0, .ofs_y = -1},
    {.bitmap_index = 9818, .adv_w = 153, .box_w = 14, .box_h = 21, .ofs_x = 0, .ofs_y = 0},
    {.bitmap_index = 9965, .adv_w = 224, .box_w = 15, .box_h = 22, .ofs_x = 1, .ofs_y = -1},
    {.bitmap_index = 10130, .adv_w = 198, .box_w = 16, .box_h = 21, .ofs_x = 0, .ofs_y = 0},
    {.bitmap_index = 10298, .adv_w = 90, .box_w = 8, .box_h = 22, .ofs_x = 0, .ofs_y = 0},
    {.bitmap_index = 10386, .adv_w = 125, .box_w = 13, .box_h = 22, .ofs_x = -1, .ofs_y = 0},
    {.bitmap_index = 10529, .adv_w = 207, .box_w = 17, .box_h = 22, .ofs_x = 0, .ofs_y = 0},
    {.bitmap_index = 10716, .adv_w = 135, .box_w = 9, .box_h = 22, .ofs_x = 0, .ofs_y = 0},
    {.bitmap_index = 10815, .adv_w = 277, .box_w = 21, .box_h = 22, .ofs_x = -1, .ofs_y = 0},
    {.bitmap_index = 11046, .adv_w = 202, .box_w = 16, .box_h = 23, .ofs_x = 0, .ofs_y = -1},
    {.bitmap_index = 11230, .adv_w = 221, .box_w = 16, .box_h = 21, .ofs_x = 0, .ofs_y = 0},
    {.bitmap_index = 11398, .adv_w = 170, .box_w = 15, .box_h = 21, .ofs_x = -1, .ofs_y = 0},
    {.bitmap_index = 11556, .adv_w = 235, .box_w = 16, .box_h = 23, .ofs_x = 0, .ofs_y = -2},
    {.bitmap_index = 11740, .adv_w = 199, .box_w = 15, .box_h = 21, .ofs_x = 0, .ofs_y = 0},
    {.bitmap_index = 11898, .adv_w = 193, .box_w = 15, .box_h = 21, .ofs_x = 0, .ofs_y = 0},
    {.bitmap_index = 12056, .adv_w = 162, .box_w = 12, .box_h = 22, .ofs_x = 2, .ofs_y = 0},
    {.bitmap_index = 12188, .adv_w = 188, .box_w = 15, .box_h = 22, .ofs_x = 0, .ofs_y = 0},
    {.bitmap_index = 12353, .adv_w = 170, .box_w = 13, .box_h = 23, .ofs_x = 1, .ofs_y = -1},
    {.bitmap_index = 12503, .adv_w = 269, .box_w = 20, .box_h = 22, .ofs_x = 1, .ofs_y = 0},
    {.bitmap_index = 12723, .adv_w = 184, .box_w = 17, .box_h = 22, .ofs_x = -2, .ofs_y = -1},
    {.bitmap_index = 12910, .adv_w = 172, .box_w = 13, .box_h = 22, .ofs_x = 2, .ofs_y = 0},
    {.bitmap_index = 13053, .adv_w = 193, .box_w = 15, .box_h = 20, .ofs_x = 0, .ofs_y = 0},
    {.bitmap_index = 13203, .adv_w = 126, .box_w = 11, .box_h = 22, .ofs_x = 0, .ofs_y = 0},
    {.bitmap_index = 13324, .adv_w = 111, .box_w = 9, .box_h = 23, .ofs_x = 0, .ofs_y = -1},
    {.bitmap_index = 13428, .adv_w = 122, .box_w = 10, .box_h = 22, .ofs_x = 0, .ofs_y = 0},
    {.bitmap_index = 13538, .adv_w = 189, .box_w = 14, .box_h = 8, .ofs_x = 0, .ofs_y = 7},
    {.bitmap_index = 13594, .adv_w = 0, .box_w = 0, .box_h = 0, .ofs_x = 0, .ofs_y = 0}
};

/*---------------------
 *  CHARACTER MAPPING
 *--------------------*/



/*Collect the unicode lists and glyph_id offsets*/
static const lv_font_fmt_txt_cmap_t cmaps[] =
{
    {
        .range_start = 32, .range_length = 96, .glyph_id_start = 1,
        .unicode_list = NULL, .glyph_id_ofs_list = NULL, .list_length = 0, .type = LV_FONT_FMT_TXT_CMAP_FORMAT0_TINY
    }
};

/*-----------------
 *    KERNING
 *----------------*/


/*Pair left and right glyphs for kerning*/
static const uint8_t kern_pair_glyph_ids[] =
{
    3, 3,
    3, 8,
    3, 20,
    3, 22,
    3, 24,
    3, 35,
    3, 37,
    3, 39,
    3, 41,
    3, 44,
    3, 47,
    3, 51,
    3, 53,
    3, 54,
    3, 55,
    3, 56,
    3, 73,
    4, 26,
    5, 26,
    7, 34,
    7, 35,
    7, 36,
    7, 37,
    7, 38,
    7, 39,
    7, 40,
    7, 41,
    7, 42,
    7, 43,
    7, 44,
    7, 45,
    7, 46,
    7, 47,
    7, 48,
    7, 49,
    7, 50,
    7, 51,
    7, 53,
    7, 54,
    7, 56,
    7, 57,
    7, 58,
    7, 59,
    8, 13,
    8, 14,
    8, 15,
    8, 16,
    8, 18,
    8, 20,
    8, 24,
    8, 26,
    8, 34,
    8, 35,
    8, 36,
    8, 40,
    8, 43,
    8, 44,
    8, 46,
    8, 48,
    8, 50,
    8, 53,
    8, 55,
    8, 56,
    8, 57,
    8, 58,
    8, 61,
    9, 17,
    9, 18,
    9, 19,
    9, 20,
    9, 21,
    9, 23,
    9, 24,
    9, 25,
    9, 26,
    9, 34,
    9, 35,
    9, 36,
    9, 37,
    9, 38,
    9, 39,
    9, 40,
    9, 41,
    9, 42,
    9, 43,
    9, 44,
    9, 45,
    9, 46,
    9, 47,
    9, 48,
    9, 49,
    9, 50,
    9, 51,
    9, 52,
    9, 53,
    9, 55,
    9, 57,
    9, 58,
    9, 59,
    11, 43,
    11, 53,
    11, 57,
    11, 58,
    11, 59,
    12, 18,
    12, 24,
    12, 26,
    13, 8,
    13, 18,
    13, 20,
    13, 21,
    13, 23,
    13, 24,
    13, 25,
    13, 26,
    14, 8,
    14, 18,
    14, 24,
    14, 26,
    14, 43,
    14, 52,
    14, 53,
    14, 55,
    14, 57,
    14, 58,
    14, 59,
    15, 8,
    15, 17,
    15, 18,
    15, 19,
    15, 21,
    15, 22,
    15, 23,
    15, 24,
    15, 26,
    15, 34,
    15, 36,
    15, 40,
    15, 42,
    15, 43,
    15, 46,
    15, 48,
    15, 49,
    15, 50,
    15, 53,
    15, 55,
    15, 56,
    15, 57,
    15, 58,
    15, 59,
    16, 16,
    16, 17,
    16, 19,
    16, 20,
    16, 21,
    16, 23,
    16, 24,
    16, 25,
    16, 34,
    16, 36,
    16, 40,
    16, 43,
    16, 46,
    16, 48,
    16, 50,
    16, 52,
    16, 53,
    16, 55,
    17, 10,
    17, 16,
    17, 40,
    17, 43,
    17, 53,
    17, 57,
    17, 58,
    17, 61,
    17, 62,
    17, 94,
    18, 58,
    19, 10,
    19, 18,
    19, 24,
    19, 26,
    19, 43,
    19, 46,
    19, 52,
    19, 53,
    19, 57,
    19, 58,
    19, 61,
    20, 8,
    20, 10,
    20, 13,
    20, 16,
    20, 20,
    20, 21,
    20, 25,
    20, 48,
    20, 50,
    20, 53,
    20, 55,
    20, 58,
    20, 59,
    20, 61,
    21, 8,
    21, 12,
    21, 17,
    21, 18,
    21, 20,
    21, 21,
    21, 23,
    21, 24,
    21, 25,
    21, 26,
    21, 36,
    21, 40,
    21, 48,
    21, 50,
    21, 53,
    21, 55,
    21, 58,
    21, 59,
    21, 61,
    22, 8,
    22, 10,
    22, 14,
    22, 16,
    22, 17,
    22, 21,
    22, 23,
    22, 25,
    22, 36,
    22, 40,
    22, 48,
    22, 50,
    22, 53,
    22, 58,
    23, 8,
    23, 10,
    23, 13,
    23, 15,
    23, 19,
    23, 20,
    23, 21,
    23, 25,
    23, 34,
    23, 36,
    23, 43,
    23, 46,
    23, 48,
    23, 50,
    23, 53,
    23, 55,
    23, 58,
    23, 59,
    23, 61,
    23, 94,
    24, 10,
    24, 12,
    24, 13,
    24, 15,
    24, 16,
    24, 17,
    24, 18,
    24, 20,
    24, 23,
    24, 24,
    24, 25,
    24, 26,
    24, 34,
    24, 35,
    24, 36,
    24, 40,
    24, 43,
    24, 44,
    24, 46,
    24, 47,
    24, 48,
    24, 50,
    24, 53,
    24, 55,
    24, 56,
    24, 57,
    24, 58,
    24, 61,
    24, 62,
    24, 73,
    24, 94,
    25, 10,
    25, 16,
    25, 21,
    25, 25,
    25, 26,
    25, 59,
    25, 61,
    26, 10,
    26, 15,
    26, 16,
    26, 21,
    26, 36,
    26, 40,
    26, 43,
    26, 48,
    26, 50,
    26, 53,
    26, 57,
    26, 58,
    26, 59,
    26, 61,
    26, 62,
    26, 94,
    30, 18,
    30, 24,
    30, 26,
    33, 43,
    33, 53,
    33, 57,
    33, 58,
    33, 59,
    34, 2,
    34, 8,
    34, 10,
    34, 11,
    34, 13,
    34, 15,
    34, 16,
    34, 18,
    34, 19,
    34, 20,
    34, 24,
    34, 26,
    34, 32,
    34, 36,
    34, 40,
    34, 48,
    34, 50,
    34, 52,
    34, 53,
    34, 54,
    34, 55,
    34, 56,
    34, 58,
    34, 61,
    34, 62,
    34, 93,
    35, 2,
    35, 7,
    35, 10,
    35, 11,
    35, 13,
    35, 16,
    35, 18,
    35, 20,
    35, 21,
    35, 24,
    35, 25,
    35, 26,
    35, 28,
    35, 43,
    35, 53,
    35, 55,
    35, 57,
    35, 58,
    35, 93,
    35, 94,
    36, 2,
    36, 7,
    36, 8,
    36, 10,
    36, 14,
    36, 16,
    36, 18,
    36, 19,
    36, 22,
    36, 24,
    36, 25,
    36, 26,
    36, 28,
    36, 34,
    36, 36,
    36, 40,
    36, 43,
    36, 46,
    36, 48,
    36, 50,
    36, 57,
    36, 62,
    36, 94,
    37, 2,
    37, 3,
    37, 10,
    37, 11,
    37, 13,
    37, 15,
    37, 16,
    37, 17,
    37, 18,
    37, 23,
    37, 24,
    37, 26,
    37, 28,
    37, 34,
    37, 43,
    37, 46,
    37, 53,
    37, 55,
    37, 57,
    37, 58,
    37, 59,
    37, 61,
    37, 62,
    37, 93,
    37, 94,
    38, 2,
    38, 10,
    38, 13,
    38, 15,
    38, 18,
    38, 20,
    38, 24,
    38, 26,
    38, 28,
    38, 36,
    38, 40,
    38, 48,
    38, 50,
    38, 62,
    38, 94,
    39, 2,
    39, 7,
    39, 10,
    39, 11,
    39, 13,
    39, 15,
    39, 16,
    39, 17,
    39, 18,
    39, 20,
    39, 21,
    39, 22,
    39, 24,
    39, 25,
    39, 26,
    39, 28,
    39, 32,
    39, 34,
    39, 43,
    39, 46,
    39, 52,
    39, 57,
    39, 59,
    39, 61,
    39, 62,
    39, 94,
    40, 7,
    40, 8,
    40, 10,
    40, 11,
    40, 16,
    40, 17,
    40, 21,
    40, 25,
    40, 26,
    40, 28,
    40, 43,
    40, 52,
    40, 53,
    40, 55,
    40, 56,
    40, 57,
    40, 58,
    40, 59,
    40, 61,
    40, 62,
    41, 10,
    41, 18,
    41, 24,
    41, 28,
    41, 58,
    41, 62,
    41, 94,
    42, 10,
    42, 28,
    42, 43,
    42, 53,
    42, 58,
    42, 94,
    43, 2,
    43, 10,
    43, 16,
    43, 18,
    43, 20,
    43, 24,
    43, 26,
    43, 28,
    43, 34,
    43, 43,
    43, 62,
    43, 94,
    44, 2,
    44, 8,
    44, 10,
    44, 11,
    44, 13,
    44, 14,
    44, 15,
    44, 16,
    44, 17,
    44, 18,
    44, 19,
    44, 20,
    44, 21,
    44, 22,
    44, 23,
    44, 24,
    44, 26,
    44, 27,
    44, 28,
    44, 36,
    44, 40,
    44, 48,
    44, 50,
    44, 52,
    44, 58,
    44, 61,
    44, 62,
    44, 93,
    44, 94,
    45, 2,
    45, 8,
    45, 10,
    45, 11,
    45, 13,
    45, 14,
    45, 15,
    45, 16,
    45, 17,
    45, 18,
    45, 19,
    45, 21,
    45, 22,
    45, 23,
    45, 24,
    45, 26,
    45, 32,
    45, 33,
    45, 36,
    45, 40,
    45, 41,
    45, 45,
    45, 48,
    45, 50,
    45, 52,
    45, 53,
    45, 54,
    45, 55,
    45, 56,
    45, 58,
    45, 61,
    45, 62,
    45, 93,
    46, 2,
    46, 8,
    46, 10,
    46, 13,
    46, 15,
    46, 36,
    46, 40,
    46, 53,
    46, 55,
    46, 56,
    46, 58,
    46, 61,
    46, 62,
    47, 10,
    47, 18,
    47, 26,
    47, 28,
    47, 58,
    47, 62,
    47, 94,
    48, 2,
    48, 3,
    48, 10,
    48, 11,
    48, 13,
    48, 15,
    48, 16,
    48, 18,
    48, 23,
    48, 24,
    48, 26,
    48, 28,
    48, 34,
    48, 43,
    48, 46,
    48, 53,
    48, 55,
    48, 57,
    48, 58,
    48, 59,
    48, 61,
    48, 62,
    48, 93,
    49, 2,
    49, 8,
    49, 10,
    49, 11,
    49, 13,
    49, 15,
    49, 16,
    49, 17,
    49, 18,
    49, 19,
    49, 22,
    49, 23,
    49, 24,
    49, 26,
    49, 27,
    49, 34,
    49, 43,
    49, 46,
    49, 53,
    49, 57,
    49, 59,
    49, 94,
    50, 2,
    50, 7,
    50, 8,
    50, 10,
    50, 11,
    50, 13,
    50, 14,
    50, 15,
    50, 16,
    50, 17,
    50, 18,
    50, 19,
    50, 20,
    50, 21,
    50, 22,
    50, 23,
    50, 25,
    50, 26,
    50, 27,
    50, 28,
    50, 32,
    50, 36,
    50, 40,
    50, 48,
    50, 50,
    50, 53,
    50, 54,
    50, 55,
    50, 56,
    50, 57,
    50, 58,
    50, 61,
    50, 62,
    50, 93,
    50, 94,
    51, 2,
    51, 10,
    51, 13,
    51, 14,
    51, 15,
    51, 16,
    51, 17,
    51, 19,
    51, 20,
    51, 21,
    51, 23,
    51, 26,
    51, 27,
    51, 36,
    51, 40,
    51, 48,
    51, 50,
    51, 52,
    51, 53,
    51, 55,
    51, 58,
    51, 61,
    51, 62,
    51, 94,
    52, 7,
    52, 10,
    52, 16,
    52, 18,
    52, 20,
    52, 21,
    52, 24,
    52, 25,
    52, 26,
    52, 28,
    52, 36,
    52, 40,
    52, 43,
    52, 57,
    52, 58,
    52, 94,
    53, 2,
    53, 10,
    53, 13,
    53, 14,
    53, 15,
    53, 16,
    53, 17,
    53, 18,
    53, 20,
    53, 21,
    53, 23,
    53, 24,
    53, 25,
    53, 26,
    53, 27,
    53, 28,
    53, 33,
    53, 34,
    53, 36,
    53, 40,
    53, 42,
    53, 43,
    53, 46,
    53, 48,
    53, 50,
    53, 62,
    53, 93,
    53, 94,
    54, 11,
    54, 16,
    54, 18,
    54, 26,
    54, 28,
    54, 43,
    54, 62,
    54, 94,
    55, 2,
    55, 10,
    55, 16,
    55, 18,
    55, 20,
    55, 24,
    55, 26,
    55, 28,
    55, 34,
    55, 36,
    55, 43,
    55, 46,
    55, 48,
    55, 50,
    55, 61,
    55, 62,
    55, 94,
    56, 2,
    56, 10,
    56, 11,
    56, 16,
    56, 18,
    56, 20,
    56, 24,
    56, 26,
    56, 28,
    56, 34,
    56, 36,
    56, 40,
    56, 43,
    56, 46,
    56, 48,
    56, 50,
    56, 61,
    56, 62,
    56, 94,
    57, 2,
    57, 10,
    57, 11,
    57, 13,
    57, 14,
    57, 15,
    57, 16,
    57, 17,
    57, 18,
    57, 19,
    57, 20,
    57, 21,
    57, 23,
    57, 24,
    57, 27,
    57, 36,
    57, 40,
    57, 48,
    57, 50,
    57, 52,
    57, 62,
    57, 94,
    58, 2,
    58, 8,
    58, 11,
    58, 13,
    58, 14,
    58, 15,
    58, 16,
    58, 17,
    58, 18,
    58, 20,
    58, 22,
    58, 23,
    58, 24,
    58, 25,
    58, 26,
    58, 28,
    58, 32,
    58, 33,
    58, 34,
    58, 36,
    58, 40,
    58, 43,
    58, 46,
    58, 48,
    58, 50,
    58, 61,
    58, 62,
    58, 94,
    59, 2,
    59, 10,
    59, 13,
    59, 14,
    59, 15,
    59, 16,
    59, 17,
    59, 18,
    59, 19,
    59, 20,
    59, 21,
    59, 23,
    59, 24,
    59, 26,
    59, 36,
    59, 40,
    59, 48,
    59, 50,
    59, 62,
    59, 94,
    60, 17,
    60, 18,
    60, 20,
    60, 21,
    60, 23,
    60, 24,
    60, 26,
    60, 34,
    60, 35,
    60, 36,
    60, 40,
    60, 43,
    60, 44,
    60, 46,
    60, 47,
    60, 48,
    60, 50,
    60, 51,
    60, 53,
    60, 54,
    60, 55,
    60, 56,
    60, 57,
    60, 58,
    60, 59,
    60, 73,
    61, 8,
    61, 17,
    61, 18,
    61, 21,
    61, 22,
    61, 23,
    61, 24,
    61, 26,
    61, 34,
    61, 36,
    61, 40,
    61, 43,
    61, 46,
    61, 48,
    61, 50,
    61, 53,
    61, 54,
    61, 55,
    61, 56,
    61, 57,
    61, 58,
    92, 18,
    92, 19,
    92, 20,
    92, 21,
    92, 23,
    92, 24,
    92, 25,
    92, 26,
    92, 34,
    92, 36,
    92, 40,
    92, 43,
    92, 46,
    92, 57,
    92, 58,
    92, 59,
    93, 36,
    93, 40,
    93, 48,
    93, 50,
    93, 53,
    93, 55,
    93, 56,
    93, 58
};

/* Kerning between the respective left and right glyphs
 * 4.4 format which needs to scaled with `kern_scale`*/
static const int8_t kern_pair_values[] =
{
    4, 7, 8, 4, 12, 5, 2, 4,
    4, 5, 5, 3, 14, 4, 14, 8,
    5, 2, 5, 4, 6, 14, 6, 6,
    5, 15, 6, 6, -8, 5, 8, 4,
    5, 14, 7, 14, 6, -13, 8, 3,
    -8, -8, -8, -58, -10, -65, -32, 9,
    5, 9, 6, -8, 2, -4, -3, -16,
    2, -7, -7, -7, 11, 11, 6, 7,
    9, 6, -18, -5, 6, 3, -12, -19,
    4, -13, -9, 17, 10, -19, 10, 8,
    9, -19, 8, 11, 2, 9, 7, 20,
    10, -18, 12, -18, 10, -13, 8, 12,
    21, -6, 4, -16, -8, -7, -4, -6,
    -11, -10, -7, -74, -16, 2, -6, -8,
    -6, 2, -19, -14, -14, -11, -8, -16,
    -5, -19, -3, -10, -10, -8, -88, -8,
    -17, 3, -11, -8, -14, -5, -24, 9,
    -9, -10, 2, 17, 12, -7, 2, -7,
    -19, -10, -7, 12, -15, 4, -119, -13,
    -4, 3, -5, -10, 6, -11, -10, -13,
    -12, -16, -10, -14, -15, -4, 8, 8,
    -15, -11, 2, -8, -10, -6, -8, -12,
    -8, -6, -4, 3, 5, 4, 8, 4,
    2, 6, -6, 2, -4, -8, -5, -8,
    2, -6, 2, 7, 4, 3, 3, -7,
    -4, -8, 3, -5, -7, 2, 5, -6,
    4, 7, 3, -4, 4, -5, 6, 6,
    7, 7, -10, -4, -10, 5, -13, -4,
    -8, 4, -7, 5, 10, 2, 7, 6,
    6, 8, 8, -5, -6, -6, -4, 7,
    7, 5, 9, 8, 8, 5, 2, 8,
    7, 5, 5, -8, -4, -8, 10, -10,
    5, 12, -5, -6, -8, -17, -6, 8,
    5, -4, 9, -8, 4, -8, 2, -6,
    -5, -14, 3, -8, 2, -7, -7, 11,
    12, 6, 6, 8, 5, 12, 3, 6,
    -10, -6, 4, 2, 4, 2, -6, -18,
    -6, -14, 2, 4, 4, -10, 3, 3,
    -12, -8, -8, -6, -13, -11, -8, -14,
    -8, -10, -8, -14, -8, -9, -5, 8,
    -9, 19, -4, 7, 9, 6, -9, 4,
    3, -6, -8, -8, -3, -3, -2, -2,
    -2, -15, -2, -6, -4, -12, -12, 10,
    -4, -4, 5, -14, 4, 3, -9, 6,
    4, 8, 5, 5, 9, -4, -4, -3,
    -2, -7, -3, -4, 7, -5, 2, 5,
    -12, -12, -10, 12, 6, 2, 11, 2,
    15, -7, -3, -4, -4, -5, -3, -4,
    -4, -6, 6, 12, -9, 3, -19, 6,
    -12, -14, -18, 2, 5, 2, 2, 6,
    -5, -4, -15, -3, -9, -2, -11, -6,
    -6, -10, -10, -4, -5, 6, 9, 4,
    8, 7, 2, 6, 5, -4, -2, -2,
    -2, -2, 9, 8, -10, -4, 13, 4,
    -24, -24, -23, 2, 13, 8, 3, 3,
    12, -6, 12, -9, 5, -5, -22, -5,
    -3, -2, -2, 6, 14, 14, 3, -4,
    -13, 2, -9, 2, 7, 3, 3, -5,
    -4, -3, -5, -3, -2, -8, -6, -2,
    -7, -4, 5, 2, 2, -4, -2, 5,
    2, 9, -5, -2, -2, -2, 2, -4,
    17, -8, 6, 2, 6, 4, -6, -2,
    -5, 7, 7, 16, 4, 29, -10, 18,
    -12, 17, 16, -7, 4, 14, 8, -7,
    2, -9, 10, -4, 8, 4, -11, -12,
    -11, -11, -8, -2, 7, 21, 2, 5,
    9, -18, 23, -17, 11, -20, 10, 9,
    -10, -13, 8, -13, -8, -13, -4, -16,
    -9, -6, -12, -14, -2, -2, -9, -9,
    -3, -20, -6, -12, -8, -21, -16, 14,
    -4, 6, -4, 11, 3, 7, -2, -2,
    -8, -4, -3, -8, -5, 7, 9, 3,
    3, -4, -2, 3, 4, -9, 2, -17,
    5, -10, -12, -16, 4, 2, 2, 6,
    -5, -4, -14, -3, -8, -2, -9, -6,
    -5, -8, -8, -5, -10, 8, -16, 12,
    -35, -35, -27, 3, 11, 6, 3, 6,
    10, 14, 2, -5, -24, -4, -2, -8,
    -2, 7, 25, 14, -11, 18, -8, 20,
    -9, 26, 5, 2, -9, 19, 20, -9,
    4, -8, 14, -8, 12, 6, -8, -6,
    -7, -4, -4, -18, -2, -9, -6, -2,
    -16, -18, 24, 6, 16, 15, 12, 12,
    -10, 16, 3, -5, 10, 7, -6, -6,
    2, 4, -10, -10, -10, -10, -4, -4,
    -3, -5, -6, 16, 4, 2, -11, -6,
    7, 2, 3, 6, 2, 10, -5, -2,
    -2, -2, -6, -2, 8, -9, 4, -13,
    -15, -13, -11, -9, 9, 2, -5, -8,
    7, -6, 10, -7, -14, -10, -8, -10,
    -9, -2, -12, -7, -10, -10, 9, -4,
    10, 2, -8, 4, 5, -4, -4, 3,
    5, -4, 8, -4, 10, 4, 9, 7,
    -6, -3, -2, -5, -2, -2, -2, 4,
    12, 8, -5, 12, 2, -8, 10, 6,
    9, 5, -6, -4, -2, -2, -6, -2,
    -2, -2, 4, 12, 8, 14, 21, -6,
    13, -9, 15, 9, -5, 11, 10, 3,
    -5, -7, 9, 5, -8, -9, -8, -8,
    -4, 17, 4, -10, 8, 3, -19, -10,
    -18, -20, -7, 21, 14, 10, -4, 20,
    -6, 12, -10, 8, -9, -8, -6, -6,
    -19, -7, -8, -8, 8, 20, 16, 9,
    16, 8, -18, 10, 4, -4, 6, 5,
    4, -4, -5, 4, 7, -5, -5, -4,
    -4, 12, 7, -8, 12, 6, -5, -9,
    10, 4, 5, 4, -8, -9, 11, 5,
    8, 2, -7, -7, 2, 12, 2, 14,
    7, 10, 11, 4, 2, -29, -9, -17,
    -11, -9, -13, -4, -25, 4, -10, -11,
    7, 7, -8, -8, -16, -4, -10, -7,
    8, -15, 4, 6, 8, -4, -7, 2,
    5, 7, 5, -5, -6, 10, 7, 8,
    -4, 10, -5, -4, -4, -4, -6, -4,
    -4, -7
};

/*Collect the kern pair's data in one place*/
static const lv_font_fmt_txt_kern_pair_t kern_pairs =
{
    .glyph_ids = kern_pair_glyph_ids,
    .values = kern_pair_values,
    .pair_cnt = 914,
    .glyph_ids_size = 0
};

/*--------------------
 *  ALL CUSTOM DATA
 *--------------------*/

#if LVGL_VERSION_MAJOR == 8
/*Store all the custom data of the font*/
static  lv_font_fmt_txt_glyph_cache_t cache;
#endif

#if LVGL_VERSION_MAJOR >= 8
static const lv_font_fmt_txt_dsc_t font_dsc = {
#else
static lv_font_fmt_txt_dsc_t font_dsc = {
#endif
    .glyph_bitmap = glyph_bitmap,
    .glyph_dsc = glyph_dsc,
    .cmaps = cmaps,
    .kern_dsc = &kern_pairs,
    .kern_scale = 18,
    .cmap_num = 1,
    .bpp = 4,
    .kern_classes = 0,
    .bitmap_format = 0,
#if LVGL_VERSION_MAJOR == 8
    .cache = &cache
#endif

};



/*-----------------
 *  PUBLIC FONT
 *----------------*/

/*Initialize a public general font descriptor*/
#if LVGL_VERSION_MAJOR >= 8
const lv_font_t bangers_28 = {
#else
lv_font_t bangers_28 = {
#endif
    .get_glyph_dsc = lv_font_get_glyph_dsc_fmt_txt,    /*Function pointer to get glyph's data*/
    .get_glyph_bitmap = lv_font_get_bitmap_fmt_txt,    /*Function pointer to get glyph's bitmap*/
    .line_height = 30,          /*The maximum line height required by the font*/
    .base_line = 4,             /*Baseline measured from the bottom of the line*/
#if !(LVGL_VERSION_MAJOR == 6 && LVGL_VERSION_MINOR == 0)
    .subpx = LV_FONT_SUBPX_NONE,
#endif
#if LV_VERSION_CHECK(7, 4, 0) || LVGL_VERSION_MAJOR >= 8
    .underline_position = 0,
    .underline_thickness = 0,
#endif
    .static_bitmap = 0,
    .dsc = &font_dsc,          /*The custom font data. Will be accessed by `get_glyph_bitmap/dsc` */
#if LV_VERSION_CHECK(8, 2, 0) || LVGL_VERSION_MAJOR >= 9
    .fallback = NULL,
#endif
    .user_data = NULL,
};



#endif /*#if BANGERS_28*/
